[{"fields": {"model": "permission", "app_label": "auth"}, "model": "contenttypes.contenttype", "pk": 1}, {"fields": {"model": "group", "app_label": "auth"}, "model": "contenttypes.contenttype", "pk": 2}, {"fields": {"model": "user", "app_label": "auth"}, "model": "contenttypes.contenttype", "pk": 3}, {"fields": {"model": "contenttype", "app_label": "contenttypes"}, "model": "contenttypes.contenttype", "pk": 4}, {"fields": {"model": "session", "app_label": "sessions"}, "model": "contenttypes.contenttype", "pk": 5}, {"fields": {"model": "site", "app_label": "sites"}, "model": "contenttypes.contenttype", "pk": 6}, {"fields": {"model": "flatpage", "app_label": "flatpages"}, "model": "contenttypes.contenttype", "pk": 7}, {"fields": {"model": "taskmeta", "app_label": "djcelery"}, "model": "contenttypes.contenttype", "pk": 8}, {"fields": {"model": "tasksetmeta", "app_label": "djcelery"}, "model": "contenttypes.contenttype", "pk": 9}, {"fields": {"model": "intervalschedule", "app_label": "djcelery"}, "model": "contenttypes.contenttype", "pk": 10}, {"fields": {"model": "crontabschedule", "app_label": "djcelery"}, "model": "contenttypes.contenttype", "pk": 11}, {"fields": {"model": "periodictasks", "app_label": "djcelery"}, "model": "contenttypes.contenttype", "pk": 12}, {"fields": {"model": "periodictask", "app_label": "djcelery"}, "model": "contenttypes.contenttype", "pk": 13}, {"fields": {"model": "workerstate", "app_label": "djcelery"}, "model": "contenttypes.contenttype", "pk": 14}, {"fields": {"model": "taskstate", "app_label": "djcelery"}, "model": "contenttypes.contenttype", "pk": 15}, {"fields": {"model": "topic", "app_label": "candidator"}, "model": "contenttypes.contenttype", "pk": 16}, {"fields": {"model": "position", "app_label": "candidator"}, "model": "contenttypes.contenttype", "pk": 17}, {"fields": {"model": "takenposition", "app_label": "candidator"}, "model": "contenttypes.contenttype", "pk": 18}, {"fields": {"model": "category", "app_label": "candidator"}, "model": "contenttypes.contenttype", "pk": 19}, {"fields": {"model": "tag", "app_label": "taggit"}, "model": "contenttypes.contenttype", "pk": 20}, {"fields": {"model": "taggeditem", "app_label": "taggit"}, "model": "contenttypes.contenttype", "pk": 21}, {"fields": {"model": "candidate", "app_label": "elections"}, "model": "contenttypes.contenttype", "pk": 22}, {"fields": {"model": "candidateflatpage", "app_label": "elections"}, "model": "contenttypes.contenttype", "pk": 23}, {"fields": {"model": "personaldata", "app_label": "elections"}, "model": "contenttypes.contenttype", "pk": 24}, {"fields": {"model": "questioncategory", "app_label": "elections"}, "model": "contenttypes.contenttype", "pk": 25}, {"fields": {"model": "election", "app_label": "elections"}, "model": "contenttypes.contenttype", "pk": 26}, {"fields": {"model": "votainteligentemessage", "app_label": "elections"}, "model": "contenttypes.contenttype", "pk": 27}, {"fields": {"model": "votainteligenteanswer", "app_label": "elections"}, "model": "contenttypes.contenttype", "pk": 28}, {"fields": {"model": "topic", "app_label": "elections"}, "model": "contenttypes.contenttype", "pk": 29}, {"fields": {"model": "takenposition", "app_label": "elections"}, "model": "contenttypes.contenttype", "pk": 30}, {"fields": {"model": "position", "app_label": "elections"}, "model": "contenttypes.contenttype", "pk": 31}, {"fields": {"model": "person", "app_label": "popolo"}, "model": "contenttypes.contenttype", "pk": 32}, {"fields": {"model": "organization", "app_label": "popolo"}, "model": "contenttypes.contenttype", "pk": 33}, {"fields": {"model": "post", "app_label": "popolo"}, "model": "contenttypes.contenttype", "pk": 34}, {"fields": {"model": "membership", "app_label": "popolo"}, "model": "contenttypes.contenttype", "pk": 35}, {"fields": {"model": "contactdetail", "app_label": "popolo"}, "model": "contenttypes.contenttype", "pk": 36}, {"fields": {"model": "othername", "app_label": "popolo"}, "model": "contenttypes.contenttype", "pk": 37}, {"fields": {"model": "identifier", "app_label": "popolo"}, "model": "contenttypes.contenttype", "pk": 38}, {"fields": {"model": "link", "app_label": "popolo"}, "model": "contenttypes.contenttype", "pk": 39}, {"fields": {"model": "source", "app_label": "popolo"}, "model": "contenttypes.contenttype", "pk": 40}, {"fields": {"model": "language", "app_label": "popolo"}, "model": "contenttypes.contenttype", "pk": 41}, {"fields": {"model": "area", "app_label": "popolo"}, "model": "contenttypes.contenttype", "pk": 42}, {"fields": {"model": "areai18name", "app_label": "popolo"}, "model": "contenttypes.contenttype", "pk": 43}, {"fields": {"model": "kvstore", "app_label": "thumbnail"}, "model": "contenttypes.contenttype", "pk": 44}, {"fields": {"model": "logentry", "app_label": "admin"}, "model": "contenttypes.contenttype", "pk": 45}, {"fields": {"model": "newsletter", "app_label": "newsletter"}, "model": "contenttypes.contenttype", "pk": 46}, {"fields": {"model": "subscription", "app_label": "newsletter"}, "model": "contenttypes.contenttype", "pk": 47}, {"fields": {"model": "article", "app_label": "newsletter"}, "model": "contenttypes.contenttype", "pk": 48}, {"fields": {"model": "message", "app_label": "newsletter"}, "model": "contenttypes.contenttype", "pk": 49}, {"fields": {"model": "submission", "app_label": "newsletter"}, "model": "contenttypes.contenttype", "pk": 50}, {"fields": {"model": "writeitapiinstance", "app_label": "writeit"}, "model": "contenttypes.contenttype", "pk": 51}, {"fields": {"model": "writeitdocument", "app_label": "writeit"}, "model": "contenttypes.contenttype", "pk": 52}, {"fields": {"model": "writeitinstance", "app_label": "writeit"}, "model": "contenttypes.contenttype", "pk": 53}, {"fields": {"model": "message", "app_label": "writeit"}, "model": "contenttypes.contenttype", "pk": 54}, {"fields": {"model": "answer", "app_label": "writeit"}, "model": "contenttypes.contenttype", "pk": 55}, {"fields": {"model": "answervalue", "app_label": "votai_theme"}, "model": "contenttypes.contenttype", "pk": 56}, {"fields": {"model": "extrainfotopic", "app_label": "votai_theme"}, "model": "contenttypes.contenttype", "pk": 57}, {"fields": {"model": "yqstopic", "app_label": "votai_theme"}, "model": "contenttypes.contenttype", "pk": 58}, {"fields": {"expire_date": "2015-11-06T13:49:09.056Z", "session_data": "MmU2OWY3OGYzZTA0NDEyYWU0ZTU1NTI0ZDA2NTkwMzFiZDZjYmYxNDqAAn1xAShVD19hdXRoX3VzZXJfaGFzaHECVSg1NTM0MzA4YjIwY2QzN2UzZTY0NmRlNjgwNjVjODdjMmJmNGVkNzVmVRJfYXV0aF91c2VyX2JhY2tlbmRxA1UpZGphbmdvLmNvbnRyaWIuYXV0aC5iYWNrZW5kcy5Nb2RlbEJhY2tlbmRxBFUNX2F1dGhfdXNlcl9pZHEFWAEAAAAxdS4="}, "model": "sessions.session", "pk": "bl0b7hej18i0n5nczfjvcju6l9xxt55c"}, {"fields": {"domain": "example.com", "name": "example.com"}, "model": "sites.site", "pk": 1}, {"fields": {"category": 2, "slug": "estarias-de-acuerdo-con-la-recuperacion-de-tierras", "description": "", "label": "\u00bfEstar\u00edas de acuerdo con la recuperaci\u00f3n de tierras malhabidas?"}, "model": "candidator.topic", "pk": 7}, {"fields": {"category": 2, "slug": "estas-de-acuerdo-con-una-politica-de-concesion-al-", "description": "", "label": "\u00bfEst\u00e1s de acuerdo con una pol\u00edtica de concesi\u00f3n al sector privado de obras de infraestructura?"}, "model": "candidator.topic", "pk": 8}, {"fields": {"category": 2, "slug": "estas-de-acuerdo-con-la-despenalizacion-del-aborto", "description": "", "label": "\u00bfEst\u00e1s de acuerdo con la despenalizaci\u00f3n del aborto?"}, "model": "candidator.topic", "pk": 9}, {"fields": {"category": 2, "slug": "apoyarias-el-desbloqueo-tota-de-listas-sabana", "description": "", "label": "\u00bfApoyar\u00edas el desbloqueo total de listas s\u00e1bana?"}, "model": "candidator.topic", "pk": 10}, {"fields": {"category": 2, "slug": "estas-de-acuerdo-con-la-figura-de-la-reeleccion-pr", "description": "", "label": "\u00bfEst\u00e1s de acuerdo con la figura de la Reelecci\u00f3n Presidencial?"}, "model": "candidator.topic", "pk": 11}, {"fields": {"category": 2, "slug": "cree-que-la-tenencia-de-mascotas-debe-ser-reglamen", "description": "", "label": "\u00bfCree que la tenencia de mascotas debe ser reglamentada?"}, "model": "candidator.topic", "pk": 12}, {"fields": {"category": 2, "slug": "cree-que-los-recursos-del-fonacide-deben-ser-admin", "description": "", "label": "\u00bfCree que los recursos del FONACIDE deben ser administrados por el Ministerio de Educaci\u00f3n y Cultura (MEC)?"}, "model": "candidator.topic", "pk": 13}, {"fields": {"category": 2, "slug": "cree-que-una-posible-solucion-a-la-inseguridad-que", "description": "", "label": "\u00bfCree que una posible soluci\u00f3n a la inseguridad que se vive en la ciudad ser\u00eda enrejar los espacios verdes (plazas y parques)?"}, "model": "candidator.topic", "pk": 14}, {"fields": {"category": 2, "slug": "cree-que-la-municipalidad-deberia-exigir-a-las-emp", "description": "", "label": "\u00bfCree que la Municipalidad deber\u00eda exigir a las empresas de transporte p\u00fablico la adecuaci\u00f3n de sus veh\u00edculos para que los usuarios con discapacidad puedan utilizarlo?"}, "model": "candidator.topic", "pk": 15}, {"fields": {"category": 2, "slug": "una-posible-solucion-al-trafico-de-la-ciudad-seria", "description": "", "label": "Una posible soluci\u00f3n al tr\u00e1fico de la ciudad \u00bfSer\u00eda la mejora de las calles?"}, "model": "candidator.topic", "pk": 16}, {"fields": {"category": 2, "slug": "aumentaria-la-inversion-municipal-para-el-sector-d", "description": "", "label": "\u00bfAumentar\u00eda la inversi\u00f3n Municipal para el sector de ni\u00f1ez y adolescencia?"}, "model": "candidator.topic", "pk": 17}, {"fields": {"category": 2, "slug": "promoverias-la-creacion-de-un-portal-de-datos-abie", "description": "", "label": "\u00bfPromover\u00edas la creaci\u00f3n de un portal de datos abiertos de la Municipalidad para promover la transparencia?"}, "model": "candidator.topic", "pk": 19}, {"fields": {"category": 3, "slug": "estarias-de-acuerdo-con-la-recuperacion-de-tierras", "description": "", "label": "\u00bfEstar\u00edas de acuerdo con la recuperaci\u00f3n de tierras malhabidas?"}, "model": "candidator.topic", "pk": 20}, {"fields": {"category": 3, "slug": "estas-de-acuerdo-con-una-politica-de-concesion-al-", "description": "", "label": "\u00bfEst\u00e1s de acuerdo con una pol\u00edtica de concesi\u00f3n al sector privado de obras de infraestructura?"}, "model": "candidator.topic", "pk": 21}, {"fields": {"category": 3, "slug": "estas-de-acuerdo-con-la-despenalizacion-del-aborto", "description": "", "label": "\u00bfEst\u00e1s de acuerdo con la despenalizaci\u00f3n del aborto?"}, "model": "candidator.topic", "pk": 22}, {"fields": {"category": 3, "slug": "apoyarias-el-desbloqueo-total-de-listas-sabana", "description": "", "label": "\u00bfApoyar\u00edas el desbloqueo total de listas s\u00e1bana?"}, "model": "candidator.topic", "pk": 23}, {"fields": {"category": 3, "slug": "estas-de-acuerdo-con-la-figura-de-la-reeleccion-pr", "description": "", "label": "\u00bfEst\u00e1s de acuerdo con la figura de la Reelecci\u00f3n Presidencial?"}, "model": "candidator.topic", "pk": 24}, {"fields": {"category": 3, "slug": "cree-que-la-tenencia-de-mascotas-debe-ser-reglamen", "description": "", "label": "\u00bfCree que la tenencia de mascotas debe ser reglamentada?"}, "model": "candidator.topic", "pk": 25}, {"fields": {"category": 3, "slug": "cree-que-los-recursos-del-fonacide-deben-ser-admin", "description": "", "label": "\u00bfCree que los recursos del FONACIDE deben ser administrados por el Ministerio de Educaci\u00f3n y Cultura (MEC)?"}, "model": "candidator.topic", "pk": 26}, {"fields": {"category": 3, "slug": "cree-que-una-posible-solucion-a-la-inseguridad-que", "description": "", "label": "\u00bfCree que una posible soluci\u00f3n a la inseguridad que se vive en la ciudad ser\u00eda enrejar los espacios verdes (plazas y parques)?"}, "model": "candidator.topic", "pk": 27}, {"fields": {"category": 3, "slug": "cree-que-la-municipalidad-deberia-exigir-a-las-emp", "description": "", "label": "\u00bfCree que la Municipalidad deber\u00eda exigir a las empresas de transporte p\u00fablico la adecuaci\u00f3n de sus veh\u00edculos para que los usuarios con discapacidad puedan utilizarlo?"}, "model": "candidator.topic", "pk": 28}, {"fields": {"category": 3, "slug": "una-posible-solucion-al-trafico-de-la-ciudad-seria", "description": "", "label": "Una posible soluci\u00f3n al tr\u00e1fico de la ciudad \u00bfSer\u00eda la mejora de las calles?"}, "model": "candidator.topic", "pk": 29}, {"fields": {"category": 3, "slug": "aumentaria-la-inversion-municipal-para-el-sector-d", "description": "", "label": "\u00bfAumentar\u00eda la inversi\u00f3n Municipal para el sector de ni\u00f1ez y adolescencia?"}, "model": "candidator.topic", "pk": 30}, {"fields": {"category": 3, "slug": "promoverias-la-creacion-de-un-portal-de-datos-abie", "description": "", "label": "\u00bfPromover\u00edas la creaci\u00f3n de un portal de datos abiertos de la Municipalidad para promover la transparencia?"}, "model": "candidator.topic", "pk": 31}, {"fields": {"topic": 7, "description": "", "label": "Si"}, "model": "candidator.position", "pk": 27}, {"fields": {"topic": 7, "description": "", "label": "No"}, "model": "candidator.position", "pk": 28}, {"fields": {"topic": 8, "description": "", "label": "Si"}, "model": "candidator.position", "pk": 29}, {"fields": {"topic": 8, "description": "", "label": "No"}, "model": "candidator.position", "pk": 30}, {"fields": {"topic": 9, "description": "", "label": "Si"}, "model": "candidator.position", "pk": 31}, {"fields": {"topic": 9, "description": "", "label": "No"}, "model": "candidator.position", "pk": 32}, {"fields": {"topic": 9, "description": "", "label": "Si, pero s\u00f3lo en casos de riesgo de muerte de madre o hijo/a"}, "model": "candidator.position", "pk": 33}, {"fields": {"topic": 10, "description": "", "label": "Si"}, "model": "candidator.position", "pk": 34}, {"fields": {"topic": 10, "description": "", "label": "No"}, "model": "candidator.position", "pk": 35}, {"fields": {"topic": 11, "description": "", "label": "Si"}, "model": "candidator.position", "pk": 36}, {"fields": {"topic": 11, "description": "", "label": "No"}, "model": "candidator.position", "pk": 37}, {"fields": {"topic": 12, "description": "", "label": "S\u00ed"}, "model": "candidator.position", "pk": 38}, {"fields": {"topic": 13, "description": "", "label": "Si"}, "model": "candidator.position", "pk": 40}, {"fields": {"topic": 14, "description": "", "label": "S\u00ed"}, "model": "candidator.position", "pk": 41}, {"fields": {"topic": 15, "description": "", "label": "S\u00ed"}, "model": "candidator.position", "pk": 42}, {"fields": {"topic": 16, "description": "", "label": "S\u00ed"}, "model": "candidator.position", "pk": 43}, {"fields": {"topic": 17, "description": "", "label": "S\u00ed"}, "model": "candidator.position", "pk": 44}, {"fields": {"topic": 19, "description": "", "label": "S\u00ed"}, "model": "candidator.position", "pk": 46}, {"fields": {"topic": 12, "description": "", "label": "No"}, "model": "candidator.position", "pk": 47}, {"fields": {"topic": 13, "description": "", "label": "No"}, "model": "candidator.position", "pk": 48}, {"fields": {"topic": 14, "description": "", "label": "No"}, "model": "candidator.position", "pk": 49}, {"fields": {"topic": 15, "description": "", "label": "No"}, "model": "candidator.position", "pk": 50}, {"fields": {"topic": 16, "description": "", "label": "No"}, "model": "candidator.position", "pk": 51}, {"fields": {"topic": 17, "description": "", "label": "No"}, "model": "candidator.position", "pk": 52}, {"fields": {"topic": 19, "description": "", "label": "No"}, "model": "candidator.position", "pk": 54}, {"fields": {"topic": 20, "description": "", "label": "Si"}, "model": "candidator.position", "pk": 55}, {"fields": {"topic": 21, "description": "", "label": "S\u00ed"}, "model": "candidator.position", "pk": 56}, {"fields": {"topic": 22, "description": "", "label": "S\u00ed"}, "model": "candidator.position", "pk": 57}, {"fields": {"topic": 23, "description": "", "label": "S\u00ed"}, "model": "candidator.position", "pk": 58}, {"fields": {"topic": 24, "description": "", "label": "S\u00ed"}, "model": "candidator.position", "pk": 59}, {"fields": {"topic": 25, "description": "", "label": "S\u00ed"}, "model": "candidator.position", "pk": 60}, {"fields": {"topic": 26, "description": "", "label": "S\u00ed"}, "model": "candidator.position", "pk": 61}, {"fields": {"topic": 27, "description": "", "label": "S\u00ed"}, "model": "candidator.position", "pk": 62}, {"fields": {"topic": 28, "description": "", "label": "S\u00ed"}, "model": "candidator.position", "pk": 63}, {"fields": {"topic": 29, "description": "", "label": "S\u00ed"}, "model": "candidator.position", "pk": 64}, {"fields": {"topic": 30, "description": "", "label": "S\u00ed"}, "model": "candidator.position", "pk": 65}, {"fields": {"topic": 31, "description": "", "label": "S\u00ed"}, "model": "candidator.position", "pk": 66}, {"fields": {"topic": 20, "description": "", "label": "No"}, "model": "candidator.position", "pk": 67}, {"fields": {"topic": 21, "description": "", "label": "No"}, "model": "candidator.position", "pk": 68}, {"fields": {"topic": 22, "description": "", "label": "No"}, "model": "candidator.position", "pk": 69}, {"fields": {"topic": 23, "description": "", "label": "No"}, "model": "candidator.position", "pk": 70}, {"fields": {"topic": 24, "description": "", "label": "No"}, "model": "candidator.position", "pk": 71}, {"fields": {"topic": 25, "description": "", "label": "No"}, "model": "candidator.position", "pk": 72}, {"fields": {"topic": 26, "description": "", "label": "No"}, "model": "candidator.position", "pk": 73}, {"fields": {"topic": 27, "description": "", "label": "No"}, "model": "candidator.position", "pk": 74}, {"fields": {"topic": 28, "description": "", "label": "No"}, "model": "candidator.position", "pk": 75}, {"fields": {"topic": 29, "description": "", "label": "No"}, "model": "candidator.position", "pk": 76}, {"fields": {"topic": 30, "description": "", "label": "No"}, "model": "candidator.position", "pk": 77}, {"fields": {"topic": 31, "description": "", "label": "No"}, "model": "candidator.position", "pk": 78}, {"fields": {"topic": 7, "position": 27, "description": "", "person": "ricardo-meyer"}, "model": "candidator.takenposition", "pk": 26}, {"fields": {"topic": 7, "position": 27, "description": "", "person": "mario-ferriro"}, "model": "candidator.takenposition", "pk": 27}, {"fields": {"topic": 9, "position": 31, "description": "", "person": "ricardo-meyer"}, "model": "candidator.takenposition", "pk": 28}, {"fields": {"topic": 9, "position": 33, "description": "", "person": "mario-ferriro"}, "model": "candidator.takenposition", "pk": 29}, {"fields": {"topic": 8, "position": 29, "description": "", "person": "ricardo-meyer"}, "model": "candidator.takenposition", "pk": 30}, {"fields": {"topic": 10, "position": 34, "description": "", "person": "mario-ferriro"}, "model": "candidator.takenposition", "pk": 31}, {"fields": {"topic": 10, "position": 34, "description": "", "person": "ricardo-meyer"}, "model": "candidator.takenposition", "pk": 32}, {"fields": {"topic": 11, "position": 36, "description": "", "person": "ricardo-meyer"}, "model": "candidator.takenposition", "pk": 33}, {"fields": {"topic": 11, "position": 37, "description": "", "person": "mario-ferriro"}, "model": "candidator.takenposition", "pk": 34}, {"fields": {"topic": 12, "position": 38, "description": "", "person": "ricardo-meyer"}, "model": "candidator.takenposition", "pk": 35}, {"fields": {"topic": 13, "position": 48, "description": "", "person": "ricardo-meyer"}, "model": "candidator.takenposition", "pk": 36}, {"fields": {"topic": 14, "position": 49, "description": "", "person": "ricardo-meyer"}, "model": "candidator.takenposition", "pk": 37}, {"fields": {"topic": 15, "position": 42, "description": "", "person": "ricardo-meyer"}, "model": "candidator.takenposition", "pk": 38}, {"fields": {"topic": 16, "position": 43, "description": "", "person": "ricardo-meyer"}, "model": "candidator.takenposition", "pk": 39}, {"fields": {"topic": 17, "position": 44, "description": "", "person": "ricardo-meyer"}, "model": "candidator.takenposition", "pk": 40}, {"fields": {"topic": 19, "position": 46, "description": "", "person": "ricardo-meyer"}, "model": "candidator.takenposition", "pk": 42}, {"fields": {"topic": 12, "position": 38, "description": "", "person": "mario-ferriro"}, "model": "candidator.takenposition", "pk": 43}, {"fields": {"topic": 13, "position": 48, "description": "", "person": "mario-ferriro"}, "model": "candidator.takenposition", "pk": 44}, {"fields": {"topic": 14, "position": 41, "description": "", "person": "mario-ferriro"}, "model": "candidator.takenposition", "pk": 45}, {"fields": {"topic": 16, "position": 43, "description": "", "person": "mario-ferriro"}, "model": "candidator.takenposition", "pk": 46}, {"fields": {"topic": 17, "position": 44, "description": "", "person": "mario-ferriro"}, "model": "candidator.takenposition", "pk": 47}, {"fields": {"topic": 19, "position": 46, "description": "", "person": "mario-ferriro"}, "model": "candidator.takenposition", "pk": 50}, {"fields": {"topic": 15, "position": 42, "description": "", "person": "mario-ferriro"}, "model": "candidator.takenposition", "pk": 51}, {"fields": {"topic": 20, "position": 55, "description": "", "person": "jotvino-urunaga-gonzalez"}, "model": "candidator.takenposition", "pk": 57}, {"fields": {"topic": 21, "position": 56, "description": "", "person": "jotvino-urunaga-gonzalez"}, "model": "candidator.takenposition", "pk": 58}, {"fields": {"topic": 22, "position": 69, "description": "", "person": "jotvino-urunaga-gonzalez"}, "model": "candidator.takenposition", "pk": 59}, {"fields": {"topic": 23, "position": 58, "description": "", "person": "jotvino-urunaga-gonzalez"}, "model": "candidator.takenposition", "pk": 60}, {"fields": {"topic": 24, "position": 59, "description": "", "person": "jotvino-urunaga-gonzalez"}, "model": "candidator.takenposition", "pk": 61}, {"fields": {"topic": 25, "position": 60, "description": "", "person": "jotvino-urunaga-gonzalez"}, "model": "candidator.takenposition", "pk": 62}, {"fields": {"topic": 26, "position": 73, "description": "", "person": "jotvino-urunaga-gonzalez"}, "model": "candidator.takenposition", "pk": 63}, {"fields": {"topic": 27, "position": 74, "description": "", "person": "jotvino-urunaga-gonzalez"}, "model": "candidator.takenposition", "pk": 64}, {"fields": {"topic": 28, "position": 63, "description": "", "person": "jotvino-urunaga-gonzalez"}, "model": "candidator.takenposition", "pk": 65}, {"fields": {"topic": 29, "position": 64, "description": "", "person": "jotvino-urunaga-gonzalez"}, "model": "candidator.takenposition", "pk": 66}, {"fields": {"topic": 30, "position": 65, "description": "", "person": "jotvino-urunaga-gonzalez"}, "model": "candidator.takenposition", "pk": 67}, {"fields": {"topic": 31, "position": 66, "description": "", "person": "jotvino-urunaga-gonzalez"}, "model": "candidator.takenposition", "pk": 68}, {"fields": {"name": "Opinion", "slug": "opinion"}, "model": "candidator.category", "pk": 2}, {"fields": {"name": "Opinion", "slug": "opinion"}, "model": "candidator.category", "pk": 3}, {"fields": {"force_has_answer": true, "election": 1, "did_not_pass_primaries": false, "extra_info": "gAJ9cQEoVQdwYXJ0aWRvcQJYAwAAAEFOUnEDVQ1jdXN0b21fcmliYm9ucQRYAAAAAFURY2FuZGlkYXRlX3BhcnRpZG9xBVgDAAAAQU5ScQZVDnBvcnRyYWl0X3Bob3RvcQdYOgAAAGh0dHA6Ly92b3RhaW50ZWxpZ2VudGUuY2wvc3RhdGljL2ltZy9jYW5kaWRhdGUtZGVmYXVsdC5qcGdxCHUu"}, "model": "elections.candidate", "pk": "arnaldo"}, {"fields": {"force_has_answer": false, "election": 2, "did_not_pass_primaries": false, "extra_info": "gAJ9cQEoVQdwYXJ0aWRvcQJYAwAAAEFOUnEDVQ1jdXN0b21fcmliYm9ucQRYAAAAAFUOcG9ydHJhaXRfcGhvdG9xBVg0AAAAaHR0cDovLzQ1LjU1LjkzLjg4L3N0YXRpYy9pbWcvY2FuZGlkYXRvcy9qb3R2aW5vLnBuZ3EGdS4="}, "model": "elections.candidate", "pk": "jotvino-urunaga-gonzalez"}, {"fields": {"force_has_answer": false, "election": 1, "did_not_pass_primaries": false, "extra_info": "gAJ9cQEoVQdwYXJ0aWRvcQJYAwAAAFBSRnEDVQ1jdXN0b21fcmliYm9ucQRYAAAAAFURY2FuZGlkYXRlX3BhcnRpZG9xBVgDAAAAUFJGcQZVDnBvcnRyYWl0X3Bob3RvcQdYOgAAAGh0dHA6Ly92b3RhaW50ZWxpZ2VudGUuY2wvc3RhdGljL2ltZy9jYW5kaWRhdGUtZGVmYXVsdC5qcGdxCHUu"}, "model": "elections.candidate", "pk": "mario-ferriro"}, {"fields": {"force_has_answer": false, "election": 1, "did_not_pass_primaries": false, "extra_info": "gAJ9cQEoVQdwYXJ0aWRvcQJYEwAAAEFsaWFuemEgRnJlbnRlIEluZC5xA1UNY3VzdG9tX3JpYmJvbnEEWAAAAABVEWNhbmRpZGF0ZV9wYXJ0aWRvcQVYAwAAAEFGSXEGVQ5wb3J0cmFpdF9waG90b3EHWDIAAABodHRwOi8vNDUuNTUuOTMuODgvc3RhdGljL2ltZy9jYW5kaWRhdG9zL21leWVyLmpwZ3EIdS4="}, "model": "elections.candidate", "pk": "ricardo-meyer"}, {"fields": {"value": "ANR", "candidate": "arnaldo", "label": "partido"}, "model": "elections.personaldata", "pk": 1}, {"fields": {"election": 1}, "model": "elections.questioncategory", "pk": 2}, {"fields": {"election": 2}, "model": "elections.questioncategory", "pk": 3}, {"fields": {"description": "Candidatos a intendentes de Asuncion", "searchable": true, "area": "area1", "uses_questionary": true, "uses_face_to_face": true, "highlighted": false, "extra_info_title": "", "uses_preguntales": true, "uses_ranking": true, "extra_info": "gAJ9cQFVBWV4dHJhcQJYEQAAAEV4dHJhIGV4dHJhIGV4dHJhcQNzLg==", "uses_soul_mate": true, "slug": "asuncion", "extra_info_content": "", "name": "Asuncion"}, "model": "elections.election", "pk": 1}, {"fields": {"description": "", "searchable": true, "area": "area1", "uses_questionary": true, "uses_face_to_face": true, "highlighted": false, "extra_info_title": "", "uses_preguntales": true, "uses_ranking": false, "extra_info": "gAJ9cQFVBWV4dHJhcQJYEQAAAEV4dHJhIGV4dHJhIGV4dHJhcQNzLg==", "uses_soul_mate": true, "slug": "cde", "extra_info_content": "", "name": "CDE"}, "model": "elections.election", "pk": 2}, {"fields": {"family_name": "", "name": "Arnaldo  Samaniego", "end_date": "", "honorific_suffix": "", "additional_name": "", "gender": "Masculino", "created_at": "2015-10-23T13:51:41.243Z", "death_date": "", "updated_at": "2015-10-27T19:28:20.146Z", "patronymic_name": "", "honorific_prefix": "", "email": "", "national_identity": "", "summary": "", "given_name": "", "image": "http://45.55.93.88/static/img/candidatos/samaniego.jpg", "birth_date": "", "sort_name": "", "start_date": "", "biography": ""}, "model": "popolo.person", "pk": "arnaldo"}, {"fields": {"family_name": "", "name": "Jotvino Urunaga Gonzalez", "end_date": "", "honorific_suffix": "", "additional_name": "", "gender": "Masculino", "created_at": "2015-10-29T14:19:27.984Z", "death_date": "", "updated_at": "2015-10-29T15:16:04.639Z", "patronymic_name": "", "honorific_prefix": "", "email": "", "national_identity": "", "summary": "", "given_name": "", "image": "http://45.55.93.88/static/img/candidatos/jotvino.png", "birth_date": "", "sort_name": "", "start_date": "", "biography": ""}, "model": "popolo.person", "pk": "jotvino-urunaga-gonzalez"}, {"fields": {"family_name": "Family Name", "name": "Mario  Ferreiro", "end_date": "", "honorific_suffix": "", "additional_name": "Additional name:", "gender": "Masculino", "created_at": "2015-10-23T13:52:01.916Z", "death_date": "", "updated_at": "2015-10-28T19:20:42.588Z", "patronymic_name": "Patronymic", "honorific_prefix": "Honorific", "email": "", "national_identity": "National identity:", "summary": "Summary", "given_name": "Given Name", "image": "https://pbs.twimg.com/profile_images/3659735637/bd430e57ef506cebe409dd05db01a888_400x400.jpeg", "birth_date": "", "sort_name": "", "start_date": "", "biography": "Biography"}, "model": "popolo.person", "pk": "mario-ferriro"}, {"fields": {"family_name": "", "name": "Ricardo Meyer", "end_date": "", "honorific_suffix": "", "additional_name": "", "gender": "", "created_at": "2015-10-24T18:05:03.188Z", "death_date": "", "updated_at": "2015-10-28T20:26:57.575Z", "patronymic_name": "", "honorific_prefix": "", "email": "", "national_identity": "", "summary": "", "given_name": "", "image": "http://45.55.93.88/static/img/candidatos/meyer.jpg", "birth_date": "", "sort_name": "", "start_date": "", "biography": ""}, "model": "popolo.person", "pk": "ricardo-meyer"}, {"fields": {"parent": null, "dissolution_date": "", "classification": "", "name": "ANR", "end_date": "", "area": null, "created_at": "2015-10-23T14:19:25.935Z", "updated_at": "2015-10-23T14:19:25.941Z", "start_date": "", "founding_date": "", "image": "", "slug": "anr"}, "model": "popolo.organization", "pk": "anr"}, {"fields": {"on_behalf_of": null, "end_date": "", "area": null, "created_at": "2015-10-23T14:19:40.084Z", "updated_at": "2015-10-23T14:19:40.142Z", "label": "", "person": "arnaldo", "role": "", "organization": "anr", "post": null, "start_date": ""}, "model": "popolo.membership", "pk": 1}, {"fields": {"parent": null, "classification": "", "name": "Area1", "end_date": "", "inhabitants": null, "created_at": "2015-10-23T13:50:18.384Z", "updated_at": "2015-10-23T13:50:18.387Z", "object_id": "", "geom": "", "content_type": null, "identifier": "", "start_date": ""}, "model": "popolo.area", "pk": "area1"}, {"fields": {"parent": "area1", "classification": "", "name": "area2", "end_date": "", "inhabitants": null, "created_at": "2015-10-29T14:37:48.339Z", "updated_at": "2015-10-29T14:37:48.344Z", "object_id": "", "geom": "", "content_type": null, "identifier": "", "start_date": ""}, "model": "popolo.area", "pk": "area2"}, {"fields": {"value": "{\"storage\": \"django.core.files.storage.FileSystemStorage\", \"name\": \"cache/ad/cd/adcddd05845e99641dd93744d0609bf8.png\", \"size\": [300, 300]}"}, "model": "thumbnail.kvstore", "pk": "sorl-thumbnail||image||071bda57f304975ae4dae259992c096c"}, {"fields": {"value": "{\"storage\": \"sorl.thumbnail.images.UrlStorage\", \"name\": \"http://45.55.93.88/static/img/candidatos/jotvino.png\", \"size\": [500, 500]}"}, "model": "thumbnail.kvstore", "pk": "sorl-thumbnail||image||1af31c54bb398cf372f610a9fab3c71b"}, {"fields": {"value": "{\"storage\": \"sorl.thumbnail.images.UrlStorage\", \"name\": \"http://45.55.93.88/static/img/candidatos/meyer.jpg\", \"size\": [567, 567]}"}, "model": "thumbnail.kvstore", "pk": "sorl-thumbnail||image||1df11491a492a5abe1836da1b89088a9"}, {"fields": {"value": "{\"storage\": \"django.core.files.storage.FileSystemStorage\", \"name\": \"cache/9f/35/9f353bc90265b35b387077f587d2075f.png\", \"size\": [100, 100]}"}, "model": "thumbnail.kvstore", "pk": "sorl-thumbnail||image||212a57b0cdd4dd315c1866666ffebcb6"}, {"fields": {"value": "{\"storage\": \"django.core.files.storage.FileSystemStorage\", \"name\": \"cache/f3/f7/f3f7520d0ccc48897f693c3ffa3b8851.png\", \"size\": [100, 100]}"}, "model": "thumbnail.kvstore", "pk": "sorl-thumbnail||image||3d4687671268af8b7b8fccd406efe82d"}, {"fields": {"value": "{\"storage\": \"django.core.files.storage.FileSystemStorage\", \"name\": \"cache/66/24/6624d81adc295732da261e8815cabb7c.png\", \"size\": [50, 50]}"}, "model": "thumbnail.kvstore", "pk": "sorl-thumbnail||image||4e8108f01a18a16d08d7c09f9f8226b7"}, {"fields": {"value": "{\"storage\": \"django.core.files.storage.FileSystemStorage\", \"name\": \"cache/19/37/1937f4ed2b78981cf1710410bb9ed604.png\", \"size\": [35, 35]}"}, "model": "thumbnail.kvstore", "pk": "sorl-thumbnail||image||5dab80ab78ae4f18a91c777232dcebc5"}, {"fields": {"value": "{\"storage\": \"django.core.files.storage.FileSystemStorage\", \"name\": \"cache/07/0f/070f3df3cae096f89b1d48e57b5b4023.png\", \"size\": [50, 50]}"}, "model": "thumbnail.kvstore", "pk": "sorl-thumbnail||image||60c31f551208a6a58578c2cf3dedab92"}, {"fields": {"value": "{\"storage\": \"django.core.files.storage.FileSystemStorage\", \"name\": \"cache/35/77/35776c0d4b445a410bcdee10039cc337.png\", \"size\": [100, 100]}"}, "model": "thumbnail.kvstore", "pk": "sorl-thumbnail||image||673ca64a233c28cc8de61631065c57ac"}, {"fields": {"value": "{\"storage\": \"django.core.files.storage.FileSystemStorage\", \"name\": \"cache/7e/90/7e90d05375e8d8712a41d54c22e400d4.jpg\", \"size\": [300, 640]}"}, "model": "thumbnail.kvstore", "pk": "sorl-thumbnail||image||70c240ca589190f16862b3f19d9d7566"}, {"fields": {"value": "{\"storage\": \"django.core.files.storage.FileSystemStorage\", \"name\": \"cache/cd/bc/cdbcf5b9aa884ff628874e8914e89eb0.jpg\", \"size\": [300, 640]}"}, "model": "thumbnail.kvstore", "pk": "sorl-thumbnail||image||72467e9bdd35cdb7f430786cb1d35d73"}, {"fields": {"value": "{\"storage\": \"django.core.files.storage.FileSystemStorage\", \"name\": \"cache/03/9a/039a0da2f861a4bf3af975ffe66a2fe7.jpg\", \"size\": [300, 640]}"}, "model": "thumbnail.kvstore", "pk": "sorl-thumbnail||image||7659176a6df50c2e3e1fa6c62cb152f9"}, {"fields": {"value": "{\"storage\": \"sorl.thumbnail.images.UrlStorage\", \"name\": \"https://pbs.twimg.com/profile_images/3659735637/bd430e57ef506cebe409dd05db01a888_400x400.jpeg\", \"size\": [400, 400]}"}, "model": "thumbnail.kvstore", "pk": "sorl-thumbnail||image||8dc257da38126b0a62b1f421da9df14c"}, {"fields": {"value": "{\"storage\": \"django.core.files.storage.FileSystemStorage\", \"name\": \"cache/71/56/71569210a017daa33b5cb24bf6010e12.png\", \"size\": [35, 35]}"}, "model": "thumbnail.kvstore", "pk": "sorl-thumbnail||image||93d754fd3ce36b1ccef402b599c6d495"}, {"fields": {"value": "{\"storage\": \"django.core.files.storage.FileSystemStorage\", \"name\": \"cache/0a/c4/0ac4c45c894dbf4c8f1ae1315603614b.png\", \"size\": [50, 50]}"}, "model": "thumbnail.kvstore", "pk": "sorl-thumbnail||image||9b5666830875728ab12596209baf3217"}, {"fields": {"value": "{\"storage\": \"django.core.files.storage.FileSystemStorage\", \"name\": \"cache/2b/26/2b26ba32679c6f7051bec9e833e86ffb.jpg\", \"size\": [300, 640]}"}, "model": "thumbnail.kvstore", "pk": "sorl-thumbnail||image||a1518c0127d9dcc3a730889a24127396"}, {"fields": {"value": "{\"storage\": \"django.core.files.storage.FileSystemStorage\", \"name\": \"cache/13/b3/13b3176b5a17e5f6c66e6974c6c98e52.png\", \"size\": [300, 300]}"}, "model": "thumbnail.kvstore", "pk": "sorl-thumbnail||image||a40d3fd46cb3af7d2723c6cb93c002ce"}, {"fields": {"value": "{\"storage\": \"sorl.thumbnail.images.UrlStorage\", \"name\": \"http://45.55.93.88/static/img/candidatos/ferreiro.jpeg\", \"size\": [400, 400]}"}, "model": "thumbnail.kvstore", "pk": "sorl-thumbnail||image||acc6c7095079244b910577edcc7234df"}, {"fields": {"value": "{\"storage\": \"django.core.files.storage.FileSystemStorage\", \"name\": \"cache/33/93/3393e0b9c351671dee7092d0c7a6caaa.png\", \"size\": [300, 300]}"}, "model": "thumbnail.kvstore", "pk": "sorl-thumbnail||image||bb30d5c9eab1af9cfb7f48aa6b118c7b"}, {"fields": {"value": "{\"storage\": \"django.core.files.storage.FileSystemStorage\", \"name\": \"cache/26/e9/26e9eaff560aa62e97174fdc09cd493b.png\", \"size\": [300, 300]}"}, "model": "thumbnail.kvstore", "pk": "sorl-thumbnail||image||c098e88abdc115b1b57dadaff425fd9d"}, {"fields": {"value": "{\"storage\": \"django.core.files.storage.FileSystemStorage\", \"name\": \"cache/e1/5a/e15ab6f16e9725ab69c12e6af3c4b692.png\", \"size\": [35, 35]}"}, "model": "thumbnail.kvstore", "pk": "sorl-thumbnail||image||c8332f2bfa224225d17acd6b58870120"}, {"fields": {"value": "{\"storage\": \"django.core.files.storage.FileSystemStorage\", \"name\": \"cache/57/01/570133a1c12ed810474dd756680272b2.png\", \"size\": [35, 35]}"}, "model": "thumbnail.kvstore", "pk": "sorl-thumbnail||image||cd2cb7496c8a8603a73d63a391d809ac"}, {"fields": {"value": "{\"storage\": \"django.core.files.storage.FileSystemStorage\", \"name\": \"cache/3e/85/3e853174af89dd85502adb99072b18d9.png\", \"size\": [100, 100]}"}, "model": "thumbnail.kvstore", "pk": "sorl-thumbnail||image||d5013b35882fd4033fe183c2dd5f4586"}, {"fields": {"value": "{\"storage\": \"django.core.files.storage.FileSystemStorage\", \"name\": \"cache/dd/37/dd3762beb1c3ebb223bedab46db157bc.png\", \"size\": [35, 35]}"}, "model": "thumbnail.kvstore", "pk": "sorl-thumbnail||image||d9b06a37fb82e48c780028f8c17f5c56"}, {"fields": {"value": "{\"storage\": \"django.core.files.storage.FileSystemStorage\", \"name\": \"cache/6d/a1/6da1e4bd545b0b20bda1db6d5ae01c94.png\", \"size\": [100, 100]}"}, "model": "thumbnail.kvstore", "pk": "sorl-thumbnail||image||e074eb3b402d77b9f7ddc8c85def9ec8"}, {"fields": {"value": "{\"storage\": \"sorl.thumbnail.images.UrlStorage\", \"name\": \"https://pbs.twimg.com/profile_images/652680286761787392/xHG5rqHL.jpg\", \"size\": [512, 512]}"}, "model": "thumbnail.kvstore", "pk": "sorl-thumbnail||image||e7fd8c917e3013c13e44fe439a6281ff"}, {"fields": {"value": "{\"storage\": \"django.core.files.storage.FileSystemStorage\", \"name\": \"cache/90/cd/90cde319572d81459f610c287f3f35b4.png\", \"size\": [300, 300]}"}, "model": "thumbnail.kvstore", "pk": "sorl-thumbnail||image||f235ad3ed71d718130c8ab439410fd6a"}, {"fields": {"value": "{\"storage\": \"django.core.files.storage.FileSystemStorage\", \"name\": \"cache/af/c2/afc261d729ff44b531ba1fba0702f061.jpg\", \"size\": [300, 640]}"}, "model": "thumbnail.kvstore", "pk": "sorl-thumbnail||image||f6f6ec78fac933f16a3afcac6f682fc8"}, {"fields": {"value": "{\"storage\": \"django.core.files.storage.FileSystemStorage\", \"name\": \"cache/26/38/2638f1edd2f4755aa0009439fd7e9b52.png\", \"size\": [300, 300]}"}, "model": "thumbnail.kvstore", "pk": "sorl-thumbnail||image||f75d6137d8fd4d75f2cb79bfeb0139c3"}, {"fields": {"value": "{\"storage\": \"sorl.thumbnail.images.UrlStorage\", \"name\": \"http://45.55.93.88/static/img/candidatos/samaniego.jpg\", \"size\": [512, 512]}"}, "model": "thumbnail.kvstore", "pk": "sorl-thumbnail||image||fc31c8eacf8a798d98f3020899f52dae"}, {"fields": {"value": "[\"bb30d5c9eab1af9cfb7f48aa6b118c7b\"]"}, "model": "thumbnail.kvstore", "pk": "sorl-thumbnail||thumbnails||1af31c54bb398cf372f610a9fab3c71b"}, {"fields": {"value": "[\"c098e88abdc115b1b57dadaff425fd9d\"]"}, "model": "thumbnail.kvstore", "pk": "sorl-thumbnail||thumbnails||1df11491a492a5abe1836da1b89088a9"}, {"fields": {"value": "[\"d5013b35882fd4033fe183c2dd5f4586\"]"}, "model": "thumbnail.kvstore", "pk": "sorl-thumbnail||thumbnails||8dc257da38126b0a62b1f421da9df14c"}, {"fields": {"value": "[\"212a57b0cdd4dd315c1866666ffebcb6\"]"}, "model": "thumbnail.kvstore", "pk": "sorl-thumbnail||thumbnails||acc6c7095079244b910577edcc7234df"}, {"fields": {"value": "[\"f235ad3ed71d718130c8ab439410fd6a\"]"}, "model": "thumbnail.kvstore", "pk": "sorl-thumbnail||thumbnails||e7fd8c917e3013c13e44fe439a6281ff"}, {"fields": {"value": "[\"673ca64a233c28cc8de61631065c57ac\"]"}, "model": "thumbnail.kvstore", "pk": "sorl-thumbnail||thumbnails||fc31c8eacf8a798d98f3020899f52dae"}, {"fields": {"position": 28, "value": 3}, "model": "votai_theme.answervalue", "pk": 15}, {"fields": {"position": 37, "value": 3}, "model": "votai_theme.answervalue", "pk": 16}, {"fields": {"position": 35, "value": 3}, "model": "votai_theme.answervalue", "pk": 17}, {"fields": {"position": 32, "value": 3}, "model": "votai_theme.answervalue", "pk": 18}, {"fields": {"position": 33, "value": 1}, "model": "votai_theme.answervalue", "pk": 19}, {"fields": {"position": 30, "value": 3}, "model": "votai_theme.answervalue", "pk": 20}, {"fields": {"position": 47, "value": 3}, "model": "votai_theme.answervalue", "pk": 22}, {"fields": {"position": 48, "value": 3}, "model": "votai_theme.answervalue", "pk": 23}, {"fields": {"position": 49, "value": 3}, "model": "votai_theme.answervalue", "pk": 24}, {"fields": {"position": 50, "value": 3}, "model": "votai_theme.answervalue", "pk": 25}, {"fields": {"position": 51, "value": 3}, "model": "votai_theme.answervalue", "pk": 26}, {"fields": {"position": 52, "value": 3}, "model": "votai_theme.answervalue", "pk": 27}, {"fields": {"position": 54, "value": 3}, "model": "votai_theme.answervalue", "pk": 29}, {"fields": {"position": 67, "value": 3}, "model": "votai_theme.answervalue", "pk": 30}, {"fields": {"position": 68, "value": 3}, "model": "votai_theme.answervalue", "pk": 31}, {"fields": {"position": 69, "value": 3}, "model": "votai_theme.answervalue", "pk": 32}, {"fields": {"position": 70, "value": 3}, "model": "votai_theme.answervalue", "pk": 33}, {"fields": {"position": 71, "value": 3}, "model": "votai_theme.answervalue", "pk": 34}, {"fields": {"position": 72, "value": 3}, "model": "votai_theme.answervalue", "pk": 35}, {"fields": {"position": 73, "value": 3}, "model": "votai_theme.answervalue", "pk": 36}, {"fields": {"position": 74, "value": 3}, "model": "votai_theme.answervalue", "pk": 37}, {"fields": {"position": 75, "value": 3}, "model": "votai_theme.answervalue", "pk": 38}, {"fields": {"position": 76, "value": 3}, "model": "votai_theme.answervalue", "pk": 39}, {"fields": {"position": 77, "value": 3}, "model": "votai_theme.answervalue", "pk": 40}, {"fields": {"position": 78, "value": 3}, "model": "votai_theme.answervalue", "pk": 41}, {"fields": {"codename": "add_permission", "name": "Can add permission", "content_type": 1}, "model": "auth.permission", "pk": 1}, {"fields": {"codename": "change_permission", "name": "Can change permission", "content_type": 1}, "model": "auth.permission", "pk": 2}, {"fields": {"codename": "delete_permission", "name": "Can delete permission", "content_type": 1}, "model": "auth.permission", "pk": 3}, {"fields": {"codename": "add_group", "name": "Can add group", "content_type": 2}, "model": "auth.permission", "pk": 4}, {"fields": {"codename": "change_group", "name": "Can change group", "content_type": 2}, "model": "auth.permission", "pk": 5}, {"fields": {"codename": "delete_group", "name": "Can delete group", "content_type": 2}, "model": "auth.permission", "pk": 6}, {"fields": {"codename": "add_user", "name": "Can add user", "content_type": 3}, "model": "auth.permission", "pk": 7}, {"fields": {"codename": "change_user", "name": "Can change user", "content_type": 3}, "model": "auth.permission", "pk": 8}, {"fields": {"codename": "delete_user", "name": "Can delete user", "content_type": 3}, "model": "auth.permission", "pk": 9}, {"fields": {"codename": "add_contenttype", "name": "Can add content type", "content_type": 4}, "model": "auth.permission", "pk": 10}, {"fields": {"codename": "change_contenttype", "name": "Can change content type", "content_type": 4}, "model": "auth.permission", "pk": 11}, {"fields": {"codename": "delete_contenttype", "name": "Can delete content type", "content_type": 4}, "model": "auth.permission", "pk": 12}, {"fields": {"codename": "add_session", "name": "Can add session", "content_type": 5}, "model": "auth.permission", "pk": 13}, {"fields": {"codename": "change_session", "name": "Can change session", "content_type": 5}, "model": "auth.permission", "pk": 14}, {"fields": {"codename": "delete_session", "name": "Can delete session", "content_type": 5}, "model": "auth.permission", "pk": 15}, {"fields": {"codename": "add_site", "name": "Can add site", "content_type": 6}, "model": "auth.permission", "pk": 16}, {"fields": {"codename": "change_site", "name": "Can change site", "content_type": 6}, "model": "auth.permission", "pk": 17}, {"fields": {"codename": "delete_site", "name": "Can delete site", "content_type": 6}, "model": "auth.permission", "pk": 18}, {"fields": {"codename": "add_flatpage", "name": "Can add flat page", "content_type": 7}, "model": "auth.permission", "pk": 19}, {"fields": {"codename": "change_flatpage", "name": "Can change flat page", "content_type": 7}, "model": "auth.permission", "pk": 20}, {"fields": {"codename": "delete_flatpage", "name": "Can delete flat page", "content_type": 7}, "model": "auth.permission", "pk": 21}, {"fields": {"codename": "add_taskmeta", "name": "Can add task state", "content_type": 8}, "model": "auth.permission", "pk": 22}, {"fields": {"codename": "change_taskmeta", "name": "Can change task state", "content_type": 8}, "model": "auth.permission", "pk": 23}, {"fields": {"codename": "delete_taskmeta", "name": "Can delete task state", "content_type": 8}, "model": "auth.permission", "pk": 24}, {"fields": {"codename": "add_tasksetmeta", "name": "Can add saved group result", "content_type": 9}, "model": "auth.permission", "pk": 25}, {"fields": {"codename": "change_tasksetmeta", "name": "Can change saved group result", "content_type": 9}, "model": "auth.permission", "pk": 26}, {"fields": {"codename": "delete_tasksetmeta", "name": "Can delete saved group result", "content_type": 9}, "model": "auth.permission", "pk": 27}, {"fields": {"codename": "add_intervalschedule", "name": "Can add interval", "content_type": 10}, "model": "auth.permission", "pk": 28}, {"fields": {"codename": "change_intervalschedule", "name": "Can change interval", "content_type": 10}, "model": "auth.permission", "pk": 29}, {"fields": {"codename": "delete_intervalschedule", "name": "Can delete interval", "content_type": 10}, "model": "auth.permission", "pk": 30}, {"fields": {"codename": "add_crontabschedule", "name": "Can add crontab", "content_type": 11}, "model": "auth.permission", "pk": 31}, {"fields": {"codename": "change_crontabschedule", "name": "Can change crontab", "content_type": 11}, "model": "auth.permission", "pk": 32}, {"fields": {"codename": "delete_crontabschedule", "name": "Can delete crontab", "content_type": 11}, "model": "auth.permission", "pk": 33}, {"fields": {"codename": "add_periodictasks", "name": "Can add periodic tasks", "content_type": 12}, "model": "auth.permission", "pk": 34}, {"fields": {"codename": "change_periodictasks", "name": "Can change periodic tasks", "content_type": 12}, "model": "auth.permission", "pk": 35}, {"fields": {"codename": "delete_periodictasks", "name": "Can delete periodic tasks", "content_type": 12}, "model": "auth.permission", "pk": 36}, {"fields": {"codename": "add_periodictask", "name": "Can add periodic task", "content_type": 13}, "model": "auth.permission", "pk": 37}, {"fields": {"codename": "change_periodictask", "name": "Can change periodic task", "content_type": 13}, "model": "auth.permission", "pk": 38}, {"fields": {"codename": "delete_periodictask", "name": "Can delete periodic task", "content_type": 13}, "model": "auth.permission", "pk": 39}, {"fields": {"codename": "add_workerstate", "name": "Can add worker", "content_type": 14}, "model": "auth.permission", "pk": 40}, {"fields": {"codename": "change_workerstate", "name": "Can change worker", "content_type": 14}, "model": "auth.permission", "pk": 41}, {"fields": {"codename": "delete_workerstate", "name": "Can delete worker", "content_type": 14}, "model": "auth.permission", "pk": 42}, {"fields": {"codename": "add_taskstate", "name": "Can add task", "content_type": 15}, "model": "auth.permission", "pk": 43}, {"fields": {"codename": "change_taskstate", "name": "Can change task", "content_type": 15}, "model": "auth.permission", "pk": 44}, {"fields": {"codename": "delete_taskstate", "name": "Can delete task", "content_type": 15}, "model": "auth.permission", "pk": 45}, {"fields": {"codename": "add_topic", "name": "Can add topic", "content_type": 16}, "model": "auth.permission", "pk": 46}, {"fields": {"codename": "change_topic", "name": "Can change topic", "content_type": 16}, "model": "auth.permission", "pk": 47}, {"fields": {"codename": "delete_topic", "name": "Can delete topic", "content_type": 16}, "model": "auth.permission", "pk": 48}, {"fields": {"codename": "add_position", "name": "Can add position", "content_type": 17}, "model": "auth.permission", "pk": 49}, {"fields": {"codename": "change_position", "name": "Can change position", "content_type": 17}, "model": "auth.permission", "pk": 50}, {"fields": {"codename": "delete_position", "name": "Can delete position", "content_type": 17}, "model": "auth.permission", "pk": 51}, {"fields": {"codename": "add_takenposition", "name": "Can add taken position", "content_type": 18}, "model": "auth.permission", "pk": 52}, {"fields": {"codename": "change_takenposition", "name": "Can change taken position", "content_type": 18}, "model": "auth.permission", "pk": 53}, {"fields": {"codename": "delete_takenposition", "name": "Can delete taken position", "content_type": 18}, "model": "auth.permission", "pk": 54}, {"fields": {"codename": "add_category", "name": "Can add category", "content_type": 19}, "model": "auth.permission", "pk": 55}, {"fields": {"codename": "change_category", "name": "Can change category", "content_type": 19}, "model": "auth.permission", "pk": 56}, {"fields": {"codename": "delete_category", "name": "Can delete category", "content_type": 19}, "model": "auth.permission", "pk": 57}, {"fields": {"codename": "add_tag", "name": "Can add Tag", "content_type": 20}, "model": "auth.permission", "pk": 58}, {"fields": {"codename": "change_tag", "name": "Can change Tag", "content_type": 20}, "model": "auth.permission", "pk": 59}, {"fields": {"codename": "delete_tag", "name": "Can delete Tag", "content_type": 20}, "model": "auth.permission", "pk": 60}, {"fields": {"codename": "add_taggeditem", "name": "Can add Tagged Item", "content_type": 21}, "model": "auth.permission", "pk": 61}, {"fields": {"codename": "change_taggeditem", "name": "Can change Tagged Item", "content_type": 21}, "model": "auth.permission", "pk": 62}, {"fields": {"codename": "delete_taggeditem", "name": "Can delete Tagged Item", "content_type": 21}, "model": "auth.permission", "pk": 63}, {"fields": {"codename": "add_candidate", "name": "Can add Candidato", "content_type": 22}, "model": "auth.permission", "pk": 64}, {"fields": {"codename": "change_candidate", "name": "Can change Candidato", "content_type": 22}, "model": "auth.permission", "pk": 65}, {"fields": {"codename": "delete_candidate", "name": "Can delete Candidato", "content_type": 22}, "model": "auth.permission", "pk": 66}, {"fields": {"codename": "add_candidateflatpage", "name": "Can add P\u00e1gina est\u00e1ticas por candidato", "content_type": 23}, "model": "auth.permission", "pk": 67}, {"fields": {"codename": "change_candidateflatpage", "name": "Can change P\u00e1gina est\u00e1ticas por candidato", "content_type": 23}, "model": "auth.permission", "pk": 68}, {"fields": {"codename": "delete_candidateflatpage", "name": "Can delete P\u00e1gina est\u00e1ticas por candidato", "content_type": 23}, "model": "auth.permission", "pk": 69}, {"fields": {"codename": "add_personaldata", "name": "Can add personal data", "content_type": 24}, "model": "auth.permission", "pk": 70}, {"fields": {"codename": "change_personaldata", "name": "Can change personal data", "content_type": 24}, "model": "auth.permission", "pk": 71}, {"fields": {"codename": "delete_personaldata", "name": "Can delete personal data", "content_type": 24}, "model": "auth.permission", "pk": 72}, {"fields": {"codename": "add_questioncategory", "name": "Can add Categor\u00eda de pregunta", "content_type": 25}, "model": "auth.permission", "pk": 73}, {"fields": {"codename": "change_questioncategory", "name": "Can change Categor\u00eda de pregunta", "content_type": 25}, "model": "auth.permission", "pk": 74}, {"fields": {"codename": "delete_questioncategory", "name": "Can delete Categor\u00eda de pregunta", "content_type": 25}, "model": "auth.permission", "pk": 75}, {"fields": {"codename": "add_election", "name": "Can add Mi Elecci\u00f3n", "content_type": 26}, "model": "auth.permission", "pk": 76}, {"fields": {"codename": "change_election", "name": "Can change Mi Elecci\u00f3n", "content_type": 26}, "model": "auth.permission", "pk": 77}, {"fields": {"codename": "delete_election", "name": "Can delete Mi Elecci\u00f3n", "content_type": 26}, "model": "auth.permission", "pk": 78}, {"fields": {"codename": "add_votainteligentemessage", "name": "Can add Mensaje de preguntales", "content_type": 27}, "model": "auth.permission", "pk": 79}, {"fields": {"codename": "change_votainteligentemessage", "name": "Can change Mensaje de preguntales", "content_type": 27}, "model": "auth.permission", "pk": 80}, {"fields": {"codename": "delete_votainteligentemessage", "name": "Can delete Mensaje de preguntales", "content_type": 27}, "model": "auth.permission", "pk": 81}, {"fields": {"codename": "add_votainteligenteanswer", "name": "Can add vota inteligente answer", "content_type": 28}, "model": "auth.permission", "pk": 82}, {"fields": {"codename": "change_votainteligenteanswer", "name": "Can change vota inteligente answer", "content_type": 28}, "model": "auth.permission", "pk": 83}, {"fields": {"codename": "delete_votainteligenteanswer", "name": "Can delete vota inteligente answer", "content_type": 28}, "model": "auth.permission", "pk": 84}, {"fields": {"codename": "add_person", "name": "Can add person", "content_type": 32}, "model": "auth.permission", "pk": 85}, {"fields": {"codename": "change_person", "name": "Can change person", "content_type": 32}, "model": "auth.permission", "pk": 86}, {"fields": {"codename": "delete_person", "name": "Can delete person", "content_type": 32}, "model": "auth.permission", "pk": 87}, {"fields": {"codename": "add_organization", "name": "Can add organization", "content_type": 33}, "model": "auth.permission", "pk": 88}, {"fields": {"codename": "change_organization", "name": "Can change organization", "content_type": 33}, "model": "auth.permission", "pk": 89}, {"fields": {"codename": "delete_organization", "name": "Can delete organization", "content_type": 33}, "model": "auth.permission", "pk": 90}, {"fields": {"codename": "add_post", "name": "Can add post", "content_type": 34}, "model": "auth.permission", "pk": 91}, {"fields": {"codename": "change_post", "name": "Can change post", "content_type": 34}, "model": "auth.permission", "pk": 92}, {"fields": {"codename": "delete_post", "name": "Can delete post", "content_type": 34}, "model": "auth.permission", "pk": 93}, {"fields": {"codename": "add_membership", "name": "Can add membership", "content_type": 35}, "model": "auth.permission", "pk": 94}, {"fields": {"codename": "change_membership", "name": "Can change membership", "content_type": 35}, "model": "auth.permission", "pk": 95}, {"fields": {"codename": "delete_membership", "name": "Can delete membership", "content_type": 35}, "model": "auth.permission", "pk": 96}, {"fields": {"codename": "add_contactdetail", "name": "Can add contact detail", "content_type": 36}, "model": "auth.permission", "pk": 97}, {"fields": {"codename": "change_contactdetail", "name": "Can change contact detail", "content_type": 36}, "model": "auth.permission", "pk": 98}, {"fields": {"codename": "delete_contactdetail", "name": "Can delete contact detail", "content_type": 36}, "model": "auth.permission", "pk": 99}, {"fields": {"codename": "add_othername", "name": "Can add other name", "content_type": 37}, "model": "auth.permission", "pk": 100}, {"fields": {"codename": "change_othername", "name": "Can change other name", "content_type": 37}, "model": "auth.permission", "pk": 101}, {"fields": {"codename": "delete_othername", "name": "Can delete other name", "content_type": 37}, "model": "auth.permission", "pk": 102}, {"fields": {"codename": "add_identifier", "name": "Can add identifier", "content_type": 38}, "model": "auth.permission", "pk": 103}, {"fields": {"codename": "change_identifier", "name": "Can change identifier", "content_type": 38}, "model": "auth.permission", "pk": 104}, {"fields": {"codename": "delete_identifier", "name": "Can delete identifier", "content_type": 38}, "model": "auth.permission", "pk": 105}, {"fields": {"codename": "add_link", "name": "Can add link", "content_type": 39}, "model": "auth.permission", "pk": 106}, {"fields": {"codename": "change_link", "name": "Can change link", "content_type": 39}, "model": "auth.permission", "pk": 107}, {"fields": {"codename": "delete_link", "name": "Can delete link", "content_type": 39}, "model": "auth.permission", "pk": 108}, {"fields": {"codename": "add_source", "name": "Can add source", "content_type": 40}, "model": "auth.permission", "pk": 109}, {"fields": {"codename": "change_source", "name": "Can change source", "content_type": 40}, "model": "auth.permission", "pk": 110}, {"fields": {"codename": "delete_source", "name": "Can delete source", "content_type": 40}, "model": "auth.permission", "pk": 111}, {"fields": {"codename": "add_language", "name": "Can add language", "content_type": 41}, "model": "auth.permission", "pk": 112}, {"fields": {"codename": "change_language", "name": "Can change language", "content_type": 41}, "model": "auth.permission", "pk": 113}, {"fields": {"codename": "delete_language", "name": "Can delete language", "content_type": 41}, "model": "auth.permission", "pk": 114}, {"fields": {"codename": "add_area", "name": "Can add area", "content_type": 42}, "model": "auth.permission", "pk": 115}, {"fields": {"codename": "change_area", "name": "Can change area", "content_type": 42}, "model": "auth.permission", "pk": 116}, {"fields": {"codename": "delete_area", "name": "Can delete area", "content_type": 42}, "model": "auth.permission", "pk": 117}, {"fields": {"codename": "add_areai18name", "name": "Can add I18N Name", "content_type": 43}, "model": "auth.permission", "pk": 118}, {"fields": {"codename": "change_areai18name", "name": "Can change I18N Name", "content_type": 43}, "model": "auth.permission", "pk": 119}, {"fields": {"codename": "delete_areai18name", "name": "Can delete I18N Name", "content_type": 43}, "model": "auth.permission", "pk": 120}, {"fields": {"codename": "add_kvstore", "name": "Can add kv store", "content_type": 44}, "model": "auth.permission", "pk": 121}, {"fields": {"codename": "change_kvstore", "name": "Can change kv store", "content_type": 44}, "model": "auth.permission", "pk": 122}, {"fields": {"codename": "delete_kvstore", "name": "Can delete kv store", "content_type": 44}, "model": "auth.permission", "pk": 123}, {"fields": {"codename": "add_logentry", "name": "Can add log entry", "content_type": 45}, "model": "auth.permission", "pk": 124}, {"fields": {"codename": "change_logentry", "name": "Can change log entry", "content_type": 45}, "model": "auth.permission", "pk": 125}, {"fields": {"codename": "delete_logentry", "name": "Can delete log entry", "content_type": 45}, "model": "auth.permission", "pk": 126}, {"fields": {"codename": "add_newsletter", "name": "Can add newsletter", "content_type": 46}, "model": "auth.permission", "pk": 127}, {"fields": {"codename": "change_newsletter", "name": "Can change newsletter", "content_type": 46}, "model": "auth.permission", "pk": 128}, {"fields": {"codename": "delete_newsletter", "name": "Can delete newsletter", "content_type": 46}, "model": "auth.permission", "pk": 129}, {"fields": {"codename": "add_subscription", "name": "Can add subscription", "content_type": 47}, "model": "auth.permission", "pk": 130}, {"fields": {"codename": "change_subscription", "name": "Can change subscription", "content_type": 47}, "model": "auth.permission", "pk": 131}, {"fields": {"codename": "delete_subscription", "name": "Can delete subscription", "content_type": 47}, "model": "auth.permission", "pk": 132}, {"fields": {"codename": "add_article", "name": "Can add article", "content_type": 48}, "model": "auth.permission", "pk": 133}, {"fields": {"codename": "change_article", "name": "Can change article", "content_type": 48}, "model": "auth.permission", "pk": 134}, {"fields": {"codename": "delete_article", "name": "Can delete article", "content_type": 48}, "model": "auth.permission", "pk": 135}, {"fields": {"codename": "add_message", "name": "Can add message", "content_type": 49}, "model": "auth.permission", "pk": 136}, {"fields": {"codename": "change_message", "name": "Can change message", "content_type": 49}, "model": "auth.permission", "pk": 137}, {"fields": {"codename": "delete_message", "name": "Can delete message", "content_type": 49}, "model": "auth.permission", "pk": 138}, {"fields": {"codename": "add_submission", "name": "Can add submission", "content_type": 50}, "model": "auth.permission", "pk": 139}, {"fields": {"codename": "change_submission", "name": "Can change submission", "content_type": 50}, "model": "auth.permission", "pk": 140}, {"fields": {"codename": "delete_submission", "name": "Can delete submission", "content_type": 50}, "model": "auth.permission", "pk": 141}, {"fields": {"codename": "add_writeitapiinstance", "name": "Can add write it api instance", "content_type": 51}, "model": "auth.permission", "pk": 142}, {"fields": {"codename": "change_writeitapiinstance", "name": "Can change write it api instance", "content_type": 51}, "model": "auth.permission", "pk": 143}, {"fields": {"codename": "delete_writeitapiinstance", "name": "Can delete write it api instance", "content_type": 51}, "model": "auth.permission", "pk": 144}, {"fields": {"codename": "add_writeitdocument", "name": "Can add write it document", "content_type": 52}, "model": "auth.permission", "pk": 145}, {"fields": {"codename": "change_writeitdocument", "name": "Can change write it document", "content_type": 52}, "model": "auth.permission", "pk": 146}, {"fields": {"codename": "delete_writeitdocument", "name": "Can delete write it document", "content_type": 52}, "model": "auth.permission", "pk": 147}, {"fields": {"codename": "add_writeitinstance", "name": "Can add write it instance", "content_type": 53}, "model": "auth.permission", "pk": 148}, {"fields": {"codename": "change_writeitinstance", "name": "Can change write it instance", "content_type": 53}, "model": "auth.permission", "pk": 149}, {"fields": {"codename": "delete_writeitinstance", "name": "Can delete write it instance", "content_type": 53}, "model": "auth.permission", "pk": 150}, {"fields": {"codename": "add_message", "name": "Can add message", "content_type": 54}, "model": "auth.permission", "pk": 151}, {"fields": {"codename": "change_message", "name": "Can change message", "content_type": 54}, "model": "auth.permission", "pk": 152}, {"fields": {"codename": "delete_message", "name": "Can delete message", "content_type": 54}, "model": "auth.permission", "pk": 153}, {"fields": {"codename": "add_answer", "name": "Can add answer", "content_type": 55}, "model": "auth.permission", "pk": 154}, {"fields": {"codename": "change_answer", "name": "Can change answer", "content_type": 55}, "model": "auth.permission", "pk": 155}, {"fields": {"codename": "delete_answer", "name": "Can delete answer", "content_type": 55}, "model": "auth.permission", "pk": 156}, {"fields": {"codename": "add_answervalue", "name": "Can add answer value", "content_type": 56}, "model": "auth.permission", "pk": 157}, {"fields": {"codename": "change_answervalue", "name": "Can change answer value", "content_type": 56}, "model": "auth.permission", "pk": 158}, {"fields": {"codename": "delete_answervalue", "name": "Can delete answer value", "content_type": 56}, "model": "auth.permission", "pk": 159}, {"fields": {"codename": "add_extrainfotopic", "name": "Can add extra info topic", "content_type": 57}, "model": "auth.permission", "pk": 160}, {"fields": {"codename": "change_extrainfotopic", "name": "Can change extra info topic", "content_type": 57}, "model": "auth.permission", "pk": 161}, {"fields": {"codename": "delete_extrainfotopic", "name": "Can delete extra info topic", "content_type": 57}, "model": "auth.permission", "pk": 162}, {"fields": {"codename": "add_yqstopic", "name": "Can add yqs topic", "content_type": 16}, "model": "auth.permission", "pk": 163}, {"fields": {"codename": "change_yqstopic", "name": "Can change yqs topic", "content_type": 16}, "model": "auth.permission", "pk": 164}, {"fields": {"codename": "delete_yqstopic", "name": "Can delete yqs topic", "content_type": 16}, "model": "auth.permission", "pk": 165}, {"fields": {"username": "rodrigo", "first_name": "", "last_name": "", "is_active": true, "is_superuser": true, "is_staff": true, "last_login": "2015-10-23T13:49:09.049Z", "groups": [], "user_permissions": [], "password": "pbkdf2_sha256$20000$KMhVtIBRWUql$5MGFVq1VxmjAjJ0dCthSa9EXoevCrjFbFD9EjDhtgdY=", "email": "rodri.valdez@gmail.com", "date_joined": "2015-10-23T12:59:57.353Z"}, "model": "auth.user", "pk": 1}, {"fields": {"action_flag": 1, "action_time": "2015-10-23T13:50:18.391Z", "object_repr": "Area1", "object_id": "area1", "change_message": "", "user": 1, "content_type": 42}, "model": "admin.logentry", "pk": 1}, {"fields": {"action_flag": 1, "action_time": "2015-10-23T13:50:24.795Z", "object_repr": "asuncion", "object_id": "1", "change_message": "", "user": 1, "content_type": 26}, "model": "admin.logentry", "pk": 2}, {"fields": {"action_flag": 1, "action_time": "2015-10-23T13:51:41.314Z", "object_repr": "Arnaldo ", "object_id": "arnaldo", "change_message": "", "user": 1, "content_type": 22}, "model": "admin.logentry", "pk": 3}, {"fields": {"action_flag": 1, "action_time": "2015-10-23T13:52:02.003Z", "object_repr": "Mario Ferriro", "object_id": "mario-ferriro", "change_message": "", "user": 1, "content_type": 22}, "model": "admin.logentry", "pk": 4}, {"fields": {"action_flag": 1, "action_time": "2015-10-23T14:00:09.589Z", "object_repr": "<Fonacide> in <asuncion>", "object_id": "1", "change_message": "", "user": 1, "content_type": 25}, "model": "admin.logentry", "pk": 5}, {"fields": {"action_flag": 1, "action_time": "2015-10-23T14:05:00.803Z", "object_repr": "cde", "object_id": "2", "change_message": "", "user": 1, "content_type": 26}, "model": "admin.logentry", "pk": 6}, {"fields": {"action_flag": 2, "action_time": "2015-10-23T14:08:28.925Z", "object_repr": "Mario  Ferriro", "object_id": "mario-ferriro", "change_message": "Changed name.", "user": 1, "content_type": 22}, "model": "admin.logentry", "pk": 7}, {"fields": {"action_flag": 2, "action_time": "2015-10-23T14:08:42.026Z", "object_repr": "Arnaldo  Samaniego", "object_id": "arnaldo", "change_message": "Changed name and family_name.", "user": 1, "content_type": 22}, "model": "admin.logentry", "pk": 8}, {"fields": {"action_flag": 2, "action_time": "2015-10-23T14:09:21.203Z", "object_repr": "<MEC> en <asuncion>", "object_id": "2", "change_message": "Added Position \"<Si> a <MEC> en <asuncion>\". Added Position \"<No> a <MEC> en <asuncion>\". Added Position \"<asf> a <MEC> en <asuncion>\".", "user": 1, "content_type": 29}, "model": "admin.logentry", "pk": 9}, {"fields": {"action_flag": 1, "action_time": "2015-10-23T14:09:55.625Z", "object_repr": "<Arnaldo  Samaniego> dice <Si> a <transparencia> en <asuncion>", "object_id": "1", "change_message": "", "user": 1, "content_type": 30}, "model": "admin.logentry", "pk": 10}, {"fields": {"action_flag": 2, "action_time": "2015-10-23T14:10:53.265Z", "object_repr": "Arnaldo  Samaniego", "object_id": "arnaldo", "change_message": "Changed image. Changed position for taken position \"<Arnaldo  Samaniego> doesn't have an opinion in <transparencia> en <asuncion>\".", "user": 1, "content_type": 22}, "model": "admin.logentry", "pk": 11}, {"fields": {"action_flag": 2, "action_time": "2015-10-23T14:11:29.451Z", "object_repr": "Arnaldo  Samaniego", "object_id": "arnaldo", "change_message": "Changed did_not_pass_primaries.", "user": 1, "content_type": 22}, "model": "admin.logentry", "pk": 12}, {"fields": {"action_flag": 2, "action_time": "2015-10-23T14:12:54.596Z", "object_repr": "Arnaldo  Samaniego", "object_id": "arnaldo", "change_message": "Added taken position \"<Arnaldo  Samaniego> dice <Si> a <MEC> en <asuncion>\".", "user": 1, "content_type": 22}, "model": "admin.logentry", "pk": 13}, {"fields": {"action_flag": 2, "action_time": "2015-10-23T14:13:30.272Z", "object_repr": "Arnaldo  Samaniego", "object_id": "arnaldo", "change_message": "Added taken position \"<Arnaldo  Samaniego> dice <asf> a <MEC> en <asuncion>\".", "user": 1, "content_type": 22}, "model": "admin.logentry", "pk": 14}, {"fields": {"action_flag": 2, "action_time": "2015-10-23T14:18:06.936Z", "object_repr": "Mario  Ferriro", "object_id": "mario-ferriro", "change_message": "Changed image. Added taken position \"<Mario  Ferriro> dice <No> a <MEC> en <asuncion>\".", "user": 1, "content_type": 22}, "model": "admin.logentry", "pk": 15}, {"fields": {"action_flag": 1, "action_time": "2015-10-23T14:19:25.944Z", "object_repr": "ANR", "object_id": "anr", "change_message": "", "user": 1, "content_type": 33}, "model": "admin.logentry", "pk": 16}, {"fields": {"action_flag": 2, "action_time": "2015-10-23T14:19:40.147Z", "object_repr": "Arnaldo  Samaniego", "object_id": "arnaldo", "change_message": "Added membership \"\".", "user": 1, "content_type": 22}, "model": "admin.logentry", "pk": 17}, {"fields": {"action_flag": 3, "action_time": "2015-10-23T14:24:29.243Z", "object_repr": "<Arnaldo  Samaniego> dice <asf> a <MEC> en <asuncion>", "object_id": "3", "change_message": "", "user": 1, "content_type": 30}, "model": "admin.logentry", "pk": 18}, {"fields": {"action_flag": 3, "action_time": "2015-10-23T14:24:29.253Z", "object_repr": "<Arnaldo  Samaniego> doesn't have an opinion in <transparencia> en <asuncion>", "object_id": "1", "change_message": "", "user": 1, "content_type": 30}, "model": "admin.logentry", "pk": 19}, {"fields": {"action_flag": 2, "action_time": "2015-10-23T14:25:24.933Z", "object_repr": "<transparencia> en <asuncion>", "object_id": "1", "change_message": "Added Position \"<Si> a <transparencia> en <asuncion>\". Added Position \"<No> a <transparencia> en <asuncion>\". Added Position \"<Depende> a <transparencia> en <asuncion>\".", "user": 1, "content_type": 29}, "model": "admin.logentry", "pk": 20}, {"fields": {"action_flag": 2, "action_time": "2015-10-23T14:27:43.899Z", "object_repr": "Mario  Ferriro", "object_id": "mario-ferriro", "change_message": "Changed family_name, given_name, additional_name, honorific_prefix, patronymic_name, gender, summary, biography and national_identity.", "user": 1, "content_type": 22}, "model": "admin.logentry", "pk": 21}, {"fields": {"action_flag": 2, "action_time": "2015-10-23T14:30:35.742Z", "object_repr": "Arnaldo  Samaniego", "object_id": "arnaldo", "change_message": "Added taken position \"<Arnaldo  Samaniego> dice <No> a <transparencia> en <asuncion>\".", "user": 1, "content_type": 22}, "model": "admin.logentry", "pk": 22}, {"fields": {"action_flag": 2, "action_time": "2015-10-23T14:30:54.703Z", "object_repr": "Mario  Ferriro", "object_id": "mario-ferriro", "change_message": "Added taken position \"<Mario  Ferriro> dice <No> a <transparencia> en <asuncion>\".", "user": 1, "content_type": 22}, "model": "admin.logentry", "pk": 23}, {"fields": {"action_flag": 2, "action_time": "2015-10-23T14:32:14.707Z", "object_repr": "Arnaldo  Samaniego", "object_id": "arnaldo", "change_message": "Changed did_not_pass_primaries and custom_ribbon.", "user": 1, "content_type": 22}, "model": "admin.logentry", "pk": 24}, {"fields": {"action_flag": 2, "action_time": "2015-10-23T14:32:38.659Z", "object_repr": "Mario  Ferriro", "object_id": "mario-ferriro", "change_message": "Changed custom_ribbon.", "user": 1, "content_type": 22}, "model": "admin.logentry", "pk": 25}, {"fields": {"action_flag": 1, "action_time": "2015-10-23T14:38:35.000Z", "object_repr": "<Que piensas sobre el aborto> en <asuncion>", "object_id": "3", "change_message": "", "user": 1, "content_type": 29}, "model": "admin.logentry", "pk": 26}, {"fields": {"action_flag": 2, "action_time": "2015-10-23T14:39:23.282Z", "object_repr": "<Arnaldo  Samaniego> dice <si> a <Que piensas sobre el aborto> en <asuncion>", "object_id": "7", "change_message": "Changed position. Added link \"https://twitter.com/MarioFerreiro1\".", "user": 1, "content_type": 30}, "model": "admin.logentry", "pk": 27}, {"fields": {"action_flag": 2, "action_time": "2015-10-23T14:39:58.499Z", "object_repr": "<Mario  Ferriro> dice <no> a <Que piensas sobre el aborto> en <asuncion>", "object_id": "8", "change_message": "Changed position. Added link \"http://www.diarioprimeraplana.com/v1/media/k2/items/cache/7b74cb7c1df98e92e969c64cad239390_Generic.jpg\".", "user": 1, "content_type": 30}, "model": "admin.logentry", "pk": 28}, {"fields": {"action_flag": 3, "action_time": "2015-10-23T15:26:30.585Z", "object_repr": "<no> a <Que piensas sobre el aborto> en <asuncion>", "object_id": "8", "change_message": "", "user": 1, "content_type": 31}, "model": "admin.logentry", "pk": 29}, {"fields": {"action_flag": 3, "action_time": "2015-10-23T15:26:30.593Z", "object_repr": "<si> a <Que piensas sobre el aborto> en <asuncion>", "object_id": "7", "change_message": "", "user": 1, "content_type": 31}, "model": "admin.logentry", "pk": 30}, {"fields": {"action_flag": 3, "action_time": "2015-10-23T15:26:30.599Z", "object_repr": "<Depende> a <transparencia> en <asuncion>", "object_id": "6", "change_message": "", "user": 1, "content_type": 31}, "model": "admin.logentry", "pk": 31}, {"fields": {"action_flag": 3, "action_time": "2015-10-23T15:26:30.617Z", "object_repr": "<No> a <transparencia> en <asuncion>", "object_id": "5", "change_message": "", "user": 1, "content_type": 31}, "model": "admin.logentry", "pk": 32}, {"fields": {"action_flag": 3, "action_time": "2015-10-23T15:26:30.625Z", "object_repr": "<Si> a <transparencia> en <asuncion>", "object_id": "4", "change_message": "", "user": 1, "content_type": 31}, "model": "admin.logentry", "pk": 33}, {"fields": {"action_flag": 3, "action_time": "2015-10-23T15:26:30.631Z", "object_repr": "<asf> a <MEC> en <asuncion>", "object_id": "3", "change_message": "", "user": 1, "content_type": 31}, "model": "admin.logentry", "pk": 34}, {"fields": {"action_flag": 3, "action_time": "2015-10-23T15:26:30.638Z", "object_repr": "<No> a <MEC> en <asuncion>", "object_id": "2", "change_message": "", "user": 1, "content_type": 31}, "model": "admin.logentry", "pk": 35}, {"fields": {"action_flag": 3, "action_time": "2015-10-23T15:26:30.644Z", "object_repr": "<Si> a <MEC> en <asuncion>", "object_id": "1", "change_message": "", "user": 1, "content_type": 31}, "model": "admin.logentry", "pk": 36}, {"fields": {"action_flag": 1, "action_time": "2015-10-23T15:27:25.258Z", "object_repr": "<si> a <transparencia> en <asuncion>", "object_id": "9", "change_message": "", "user": 1, "content_type": 31}, "model": "admin.logentry", "pk": 37}, {"fields": {"action_flag": 1, "action_time": "2015-10-23T15:27:46.523Z", "object_repr": "<no> a <transparencia> en <asuncion>", "object_id": "10", "change_message": "", "user": 1, "content_type": 31}, "model": "admin.logentry", "pk": 38}, {"fields": {"action_flag": 2, "action_time": "2015-10-23T15:28:02.712Z", "object_repr": "<si> a <transparencia> en <asuncion>", "object_id": "9", "change_message": "No fields changed.", "user": 1, "content_type": 31}, "model": "admin.logentry", "pk": 39}, {"fields": {"action_flag": 2, "action_time": "2015-10-23T15:28:19.293Z", "object_repr": "<si> a <transparencia> en <asuncion>", "object_id": "9", "change_message": "Deleted taken position \"<Arnaldo  Samaniego> dice <si> a <transparencia> en <asuncion>\". Added answer value \"AnswerValue object\".", "user": 1, "content_type": 31}, "model": "admin.logentry", "pk": 40}, {"fields": {"action_flag": 2, "action_time": "2015-10-23T15:31:52.940Z", "object_repr": "Arnaldo  Samaniego", "object_id": "arnaldo", "change_message": "Added personal data \"PersonalData object\".", "user": 1, "content_type": 22}, "model": "admin.logentry", "pk": 41}, {"fields": {"action_flag": 2, "action_time": "2015-10-23T15:36:14.501Z", "object_repr": "asuncion", "object_id": "1", "change_message": "Changed uses_preguntales, uses_ranking and tags.", "user": 1, "content_type": 26}, "model": "admin.logentry", "pk": 42}, {"fields": {"action_flag": 3, "action_time": "2015-10-23T15:36:38.595Z", "object_repr": "<no> a <transparencia> en <asuncion>", "object_id": "10", "change_message": "", "user": 1, "content_type": 31}, "model": "admin.logentry", "pk": 43}, {"fields": {"action_flag": 3, "action_time": "2015-10-23T15:36:38.603Z", "object_repr": "<si> a <transparencia> en <asuncion>", "object_id": "9", "change_message": "", "user": 1, "content_type": 31}, "model": "admin.logentry", "pk": 44}, {"fields": {"action_flag": 1, "action_time": "2015-10-23T15:54:12.372Z", "object_repr": "<Si> a <transparencia> en <asuncion>", "object_id": "11", "change_message": "", "user": 1, "content_type": 31}, "model": "admin.logentry", "pk": 45}, {"fields": {"action_flag": 2, "action_time": "2015-10-23T15:54:19.842Z", "object_repr": "<Si> a <transparencia> en <asuncion>", "object_id": "11", "change_message": "Added answer value \"AnswerValue object\".", "user": 1, "content_type": 31}, "model": "admin.logentry", "pk": 46}, {"fields": {"action_flag": 2, "action_time": "2015-10-23T15:54:43.577Z", "object_repr": "<Si> a <transparencia> en <asuncion>", "object_id": "11", "change_message": "No fields changed.", "user": 1, "content_type": 31}, "model": "admin.logentry", "pk": 47}, {"fields": {"action_flag": 1, "action_time": "2015-10-23T15:54:59.187Z", "object_repr": "<no> a <transparencia> en <asuncion>", "object_id": "12", "change_message": "", "user": 1, "content_type": 31}, "model": "admin.logentry", "pk": 48}, {"fields": {"action_flag": 2, "action_time": "2015-10-23T15:57:01.231Z", "object_repr": "Arnaldo  Samaniego", "object_id": "arnaldo", "change_message": "Added taken position \"<Arnaldo  Samaniego> dice <Si> a <transparencia> en <asuncion>\".", "user": 1, "content_type": 22}, "model": "admin.logentry", "pk": 49}, {"fields": {"action_flag": 1, "action_time": "2015-10-23T18:29:22.991Z", "object_repr": "<Opinion> in <asuncion>", "object_id": "2", "change_message": "", "user": 1, "content_type": 25}, "model": "admin.logentry", "pk": 50}, {"fields": {"action_flag": 1, "action_time": "2015-10-23T18:29:58.082Z", "object_repr": "<\u00bfEstar\u00eda de acuerdo con la recuperaci\u00f3n de tierras malhabidas?> en <asuncion>", "object_id": "4", "change_message": "", "user": 1, "content_type": 29}, "model": "admin.logentry", "pk": 51}, {"fields": {"action_flag": 1, "action_time": "2015-10-23T18:30:39.630Z", "object_repr": "<Si> a <\u00bfEstar\u00eda de acuerdo con la recuperaci\u00f3n de tierras malhabidas?> en <asuncion>", "object_id": "13", "change_message": "", "user": 1, "content_type": 31}, "model": "admin.logentry", "pk": 52}, {"fields": {"action_flag": 1, "action_time": "2015-10-23T18:31:06.893Z", "object_repr": "<No> a <\u00bfEstar\u00eda de acuerdo con la recuperaci\u00f3n de tierras malhabidas?> en <asuncion>", "object_id": "14", "change_message": "", "user": 1, "content_type": 31}, "model": "admin.logentry", "pk": 53}, {"fields": {"action_flag": 3, "action_time": "2015-10-23T18:32:16.643Z", "object_repr": "<Que piensas sobre el aborto> en <asuncion>", "object_id": "3", "change_message": "", "user": 1, "content_type": 29}, "model": "admin.logentry", "pk": 54}, {"fields": {"action_flag": 3, "action_time": "2015-10-23T18:32:38.060Z", "object_repr": "<MEC> en <asuncion>", "object_id": "2", "change_message": "", "user": 1, "content_type": 29}, "model": "admin.logentry", "pk": 55}, {"fields": {"action_flag": 3, "action_time": "2015-10-23T18:32:38.067Z", "object_repr": "<transparencia> en <asuncion>", "object_id": "1", "change_message": "", "user": 1, "content_type": 29}, "model": "admin.logentry", "pk": 56}, {"fields": {"action_flag": 2, "action_time": "2015-10-23T18:33:43.269Z", "object_repr": "<Mario  Ferriro> dice <Si> a <\u00bfEstar\u00eda de acuerdo con la recuperaci\u00f3n de tierras malhabidas?> en <asuncion>", "object_id": "12", "change_message": "Changed position.", "user": 1, "content_type": 30}, "model": "admin.logentry", "pk": 57}, {"fields": {"action_flag": 2, "action_time": "2015-10-23T18:33:55.175Z", "object_repr": "<Arnaldo  Samaniego> dice <No> a <\u00bfEstar\u00eda de acuerdo con la recuperaci\u00f3n de tierras malhabidas?> en <asuncion>", "object_id": "11", "change_message": "Changed position.", "user": 1, "content_type": 30}, "model": "admin.logentry", "pk": 58}, {"fields": {"action_flag": 2, "action_time": "2015-10-23T18:35:15.884Z", "object_repr": "Arnaldo  Samaniego", "object_id": "arnaldo", "change_message": "Changed description for taken position \"<Arnaldo  Samaniego> dice <No> a <\u00bfEstar\u00eda de acuerdo con la recuperaci\u00f3n de tierras malhabidas?> en <asuncion>\".", "user": 1, "content_type": 22}, "model": "admin.logentry", "pk": 59}, {"fields": {"action_flag": 2, "action_time": "2015-10-23T18:36:37.454Z", "object_repr": "Mario  Ferreiro", "object_id": "mario-ferriro", "change_message": "Changed name.", "user": 1, "content_type": 22}, "model": "admin.logentry", "pk": 60}, {"fields": {"action_flag": 1, "action_time": "2015-10-23T18:39:03.584Z", "object_repr": "<\u00bfQu\u00e9 postura asume con respecto al matrimonio entre personas del mismo sexo?> en <asuncion>", "object_id": "5", "change_message": "", "user": 1, "content_type": 29}, "model": "admin.logentry", "pk": 61}, {"fields": {"action_flag": 2, "action_time": "2015-10-23T18:40:19.216Z", "object_repr": "Arnaldo  Samaniego", "object_id": "arnaldo", "change_message": "Changed position for taken position \"<Arnaldo  Samaniego> dice <Si> a <\u00bfQu\u00e9 postura asume con respecto al matrimonio entre personas del mismo sexo?> en <asuncion>\".", "user": 1, "content_type": 22}, "model": "admin.logentry", "pk": 62}, {"fields": {"action_flag": 2, "action_time": "2015-10-23T18:40:45.367Z", "object_repr": "Mario  Ferreiro", "object_id": "mario-ferriro", "change_message": "Changed position for taken position \"<Mario  Ferreiro> dice <No> a <\u00bfQu\u00e9 postura asume con respecto al matrimonio entre personas del mismo sexo?> en <asuncion>\".", "user": 1, "content_type": 22}, "model": "admin.logentry", "pk": 63}, {"fields": {"action_flag": 2, "action_time": "2015-10-23T18:42:47.442Z", "object_repr": "<Si> a <\u00bfQu\u00e9 postura asume con respecto al matrimonio entre personas del mismo sexo?> en <asuncion>", "object_id": "15", "change_message": "Added answer value \"AnswerValue object\".", "user": 1, "content_type": 31}, "model": "admin.logentry", "pk": 64}, {"fields": {"action_flag": 1, "action_time": "2015-10-23T18:45:02.308Z", "object_repr": "<No, pero ...> a <\u00bfEstar\u00eda de acuerdo con la recuperaci\u00f3n de tierras malhabidas?> en <asuncion>", "object_id": "17", "change_message": "", "user": 1, "content_type": 31}, "model": "admin.logentry", "pk": 65}, {"fields": {"action_flag": 1, "action_time": "2015-10-23T18:46:29.419Z", "object_repr": "<Si, perooo> a <\u00bfQu\u00e9 postura asume con respecto al matrimonio entre personas del mismo sexo?> en <asuncion>", "object_id": "18", "change_message": "", "user": 1, "content_type": 31}, "model": "admin.logentry", "pk": 66}, {"fields": {"action_flag": 3, "action_time": "2015-10-23T18:47:24.520Z", "object_repr": "<Si, perooo> a <\u00bfQu\u00e9 postura asume con respecto al matrimonio entre personas del mismo sexo?> en <asuncion>", "object_id": "18", "change_message": "", "user": 1, "content_type": 31}, "model": "admin.logentry", "pk": 67}, {"fields": {"action_flag": 3, "action_time": "2015-10-23T18:47:28.310Z", "object_repr": "<No, pero ...> a <\u00bfEstar\u00eda de acuerdo con la recuperaci\u00f3n de tierras malhabidas?> en <asuncion>", "object_id": "17", "change_message": "", "user": 1, "content_type": 31}, "model": "admin.logentry", "pk": 68}, {"fields": {"action_flag": 2, "action_time": "2015-10-23T18:47:45.131Z", "object_repr": "<Si> a <\u00bfQu\u00e9 postura asume con respecto al matrimonio entre personas del mismo sexo?> en <asuncion>", "object_id": "15", "change_message": "Changed value for answer value \"AnswerValue object\".", "user": 1, "content_type": 31}, "model": "admin.logentry", "pk": 69}, {"fields": {"action_flag": 2, "action_time": "2015-10-23T18:48:08.726Z", "object_repr": "<No> a <\u00bfQu\u00e9 postura asume con respecto al matrimonio entre personas del mismo sexo?> en <asuncion>", "object_id": "16", "change_message": "Added answer value \"AnswerValue object\".", "user": 1, "content_type": 31}, "model": "admin.logentry", "pk": 70}, {"fields": {"action_flag": 2, "action_time": "2015-10-23T21:08:17.810Z", "object_repr": "<No> a <\u00bfQu\u00e9 postura asume con respecto al matrimonio entre personas del mismo sexo?> en <asuncion>", "object_id": "16", "change_message": "Changed value for answer value \"AnswerValue object\".", "user": 1, "content_type": 31}, "model": "admin.logentry", "pk": 71}, {"fields": {"action_flag": 2, "action_time": "2015-10-23T21:08:29.543Z", "object_repr": "<Si> a <\u00bfQu\u00e9 postura asume con respecto al matrimonio entre personas del mismo sexo?> en <asuncion>", "object_id": "15", "change_message": "Changed value for answer value \"AnswerValue object\".", "user": 1, "content_type": 31}, "model": "admin.logentry", "pk": 72}, {"fields": {"action_flag": 2, "action_time": "2015-10-23T21:09:22.156Z", "object_repr": "<No> a <\u00bfQu\u00e9 postura asume con respecto al matrimonio entre personas del mismo sexo?> en <asuncion>", "object_id": "16", "change_message": "Changed value for answer value \"AnswerValue object\".", "user": 1, "content_type": 31}, "model": "admin.logentry", "pk": 73}, {"fields": {"action_flag": 1, "action_time": "2015-10-23T23:17:33.045Z", "object_repr": "<Si, pero> a <\u00bfEstar\u00eda de acuerdo con la recuperaci\u00f3n de tierras malhabidas?> en <asuncion>", "object_id": "19", "change_message": "", "user": 1, "content_type": 31}, "model": "admin.logentry", "pk": 74}, {"fields": {"action_flag": 1, "action_time": "2015-10-23T23:18:23.462Z", "object_repr": "<No, pero> a <\u00bfEstar\u00eda de acuerdo con la recuperaci\u00f3n de tierras malhabidas?> en <asuncion>", "object_id": "20", "change_message": "", "user": 1, "content_type": 31}, "model": "admin.logentry", "pk": 75}, {"fields": {"action_flag": 2, "action_time": "2015-10-24T17:58:20.651Z", "object_repr": "<No, pero> a <\u00bfEstar\u00eda de acuerdo con la recuperaci\u00f3n de tierras malhabidas?> en <asuncion>", "object_id": "20", "change_message": "Added answer value \"AnswerValue object\".", "user": 1, "content_type": 31}, "model": "admin.logentry", "pk": 76}, {"fields": {"action_flag": 2, "action_time": "2015-10-24T17:58:42.143Z", "object_repr": "<Si, pero> a <\u00bfEstar\u00eda de acuerdo con la recuperaci\u00f3n de tierras malhabidas?> en <asuncion>", "object_id": "19", "change_message": "No fields changed.", "user": 1, "content_type": 31}, "model": "admin.logentry", "pk": 77}, {"fields": {"action_flag": 2, "action_time": "2015-10-24T17:59:20.969Z", "object_repr": "<No> a <\u00bfQu\u00e9 postura asume con respecto al matrimonio entre personas del mismo sexo?> en <asuncion>", "object_id": "16", "change_message": "Changed value for answer value \"AnswerValue object\".", "user": 1, "content_type": 31}, "model": "admin.logentry", "pk": 78}, {"fields": {"action_flag": 2, "action_time": "2015-10-24T17:59:35.527Z", "object_repr": "<No, pero> a <\u00bfEstar\u00eda de acuerdo con la recuperaci\u00f3n de tierras malhabidas?> en <asuncion>", "object_id": "20", "change_message": "No fields changed.", "user": 1, "content_type": 31}, "model": "admin.logentry", "pk": 79}, {"fields": {"action_flag": 2, "action_time": "2015-10-24T17:59:44.307Z", "object_repr": "<Si, pero> a <\u00bfEstar\u00eda de acuerdo con la recuperaci\u00f3n de tierras malhabidas?> en <asuncion>", "object_id": "19", "change_message": "No fields changed.", "user": 1, "content_type": 31}, "model": "admin.logentry", "pk": 80}, {"fields": {"action_flag": 2, "action_time": "2015-10-24T17:59:53.458Z", "object_repr": "<No> a <\u00bfEstar\u00eda de acuerdo con la recuperaci\u00f3n de tierras malhabidas?> en <asuncion>", "object_id": "14", "change_message": "Added answer value \"AnswerValue object\".", "user": 1, "content_type": 31}, "model": "admin.logentry", "pk": 81}, {"fields": {"action_flag": 2, "action_time": "2015-10-24T18:00:19.764Z", "object_repr": "<Si> a <\u00bfEstar\u00eda de acuerdo con la recuperaci\u00f3n de tierras malhabidas?> en <asuncion>", "object_id": "13", "change_message": "Changed value for answer value \"AnswerValue object\".", "user": 1, "content_type": 31}, "model": "admin.logentry", "pk": 82}, {"fields": {"action_flag": 2, "action_time": "2015-10-24T18:00:33.438Z", "object_repr": "<Si> a <\u00bfQu\u00e9 postura asume con respecto al matrimonio entre personas del mismo sexo?> en <asuncion>", "object_id": "15", "change_message": "Changed value for answer value \"AnswerValue object\".", "user": 1, "content_type": 31}, "model": "admin.logentry", "pk": 83}, {"fields": {"action_flag": 2, "action_time": "2015-10-24T18:00:59.462Z", "object_repr": "<No> a <\u00bfQu\u00e9 postura asume con respecto al matrimonio entre personas del mismo sexo?> en <asuncion>", "object_id": "16", "change_message": "No fields changed.", "user": 1, "content_type": 31}, "model": "admin.logentry", "pk": 84}, {"fields": {"action_flag": 2, "action_time": "2015-10-24T18:01:06.561Z", "object_repr": "<No, pero> a <\u00bfEstar\u00eda de acuerdo con la recuperaci\u00f3n de tierras malhabidas?> en <asuncion>", "object_id": "20", "change_message": "No fields changed.", "user": 1, "content_type": 31}, "model": "admin.logentry", "pk": 85}, {"fields": {"action_flag": 2, "action_time": "2015-10-24T18:01:11.880Z", "object_repr": "<Si, pero> a <\u00bfEstar\u00eda de acuerdo con la recuperaci\u00f3n de tierras malhabidas?> en <asuncion>", "object_id": "19", "change_message": "No fields changed.", "user": 1, "content_type": 31}, "model": "admin.logentry", "pk": 86}, {"fields": {"action_flag": 2, "action_time": "2015-10-24T18:01:18.022Z", "object_repr": "<No> a <\u00bfQu\u00e9 postura asume con respecto al matrimonio entre personas del mismo sexo?> en <asuncion>", "object_id": "16", "change_message": "No fields changed.", "user": 1, "content_type": 31}, "model": "admin.logentry", "pk": 87}, {"fields": {"action_flag": 2, "action_time": "2015-10-24T18:01:26.474Z", "object_repr": "<Si> a <\u00bfQu\u00e9 postura asume con respecto al matrimonio entre personas del mismo sexo?> en <asuncion>", "object_id": "15", "change_message": "No fields changed.", "user": 1, "content_type": 31}, "model": "admin.logentry", "pk": 88}, {"fields": {"action_flag": 2, "action_time": "2015-10-24T18:01:39.582Z", "object_repr": "<No> a <\u00bfEstar\u00eda de acuerdo con la recuperaci\u00f3n de tierras malhabidas?> en <asuncion>", "object_id": "14", "change_message": "No fields changed.", "user": 1, "content_type": 31}, "model": "admin.logentry", "pk": 89}, {"fields": {"action_flag": 2, "action_time": "2015-10-24T18:01:45.804Z", "object_repr": "<Si> a <\u00bfEstar\u00eda de acuerdo con la recuperaci\u00f3n de tierras malhabidas?> en <asuncion>", "object_id": "13", "change_message": "No fields changed.", "user": 1, "content_type": 31}, "model": "admin.logentry", "pk": 90}, {"fields": {"action_flag": 1, "action_time": "2015-10-24T18:05:03.346Z", "object_repr": "Ricardo Meyer", "object_id": "ricardo-meyer", "change_message": "", "user": 1, "content_type": 22}, "model": "admin.logentry", "pk": 91}, {"fields": {"action_flag": 2, "action_time": "2015-10-24T18:05:25.547Z", "object_repr": "Ricardo Meyer", "object_id": "ricardo-meyer", "change_message": "Changed position for taken position \"<Ricardo Meyer> dice <Si> a <\u00bfEstar\u00eda de acuerdo con la recuperaci\u00f3n de tierras malhabidas?> en <asuncion>\". Changed position for taken position \"<Ricardo Meyer> dice <No> a <\u00bfQu\u00e9 postura asume con respecto al matrimonio entre personas del mismo sexo?> en <asuncion>\".", "user": 1, "content_type": 22}, "model": "admin.logentry", "pk": 92}, {"fields": {"action_flag": 3, "action_time": "2015-10-24T18:13:56.676Z", "object_repr": "<Ricardo Meyer> dice <No> a <\u00bfQu\u00e9 postura asume con respecto al matrimonio entre personas del mismo sexo?> en <asuncion>", "object_id": "16", "change_message": "", "user": 1, "content_type": 30}, "model": "admin.logentry", "pk": 93}, {"fields": {"action_flag": 3, "action_time": "2015-10-24T18:13:56.685Z", "object_repr": "<Ricardo Meyer> dice <Si> a <\u00bfEstar\u00eda de acuerdo con la recuperaci\u00f3n de tierras malhabidas?> en <asuncion>", "object_id": "15", "change_message": "", "user": 1, "content_type": 30}, "model": "admin.logentry", "pk": 94}, {"fields": {"action_flag": 3, "action_time": "2015-10-24T18:13:56.698Z", "object_repr": "<Mario  Ferreiro> dice <No> a <\u00bfQu\u00e9 postura asume con respecto al matrimonio entre personas del mismo sexo?> en <asuncion>", "object_id": "14", "change_message": "", "user": 1, "content_type": 30}, "model": "admin.logentry", "pk": 95}, {"fields": {"action_flag": 3, "action_time": "2015-10-24T18:13:56.711Z", "object_repr": "<Arnaldo  Samaniego> dice <Si> a <\u00bfQu\u00e9 postura asume con respecto al matrimonio entre personas del mismo sexo?> en <asuncion>", "object_id": "13", "change_message": "", "user": 1, "content_type": 30}, "model": "admin.logentry", "pk": 96}, {"fields": {"action_flag": 3, "action_time": "2015-10-24T18:13:56.724Z", "object_repr": "<Mario  Ferreiro> dice <Si> a <\u00bfEstar\u00eda de acuerdo con la recuperaci\u00f3n de tierras malhabidas?> en <asuncion>", "object_id": "12", "change_message": "", "user": 1, "content_type": 30}, "model": "admin.logentry", "pk": 97}, {"fields": {"action_flag": 3, "action_time": "2015-10-24T18:13:56.737Z", "object_repr": "<Arnaldo  Samaniego> dice <No> a <\u00bfEstar\u00eda de acuerdo con la recuperaci\u00f3n de tierras malhabidas?> en <asuncion>", "object_id": "11", "change_message": "", "user": 1, "content_type": 30}, "model": "admin.logentry", "pk": 98}, {"fields": {"action_flag": 2, "action_time": "2015-10-24T18:15:15.860Z", "object_repr": "<No, pero> a <\u00bfEstar\u00eda de acuerdo con la recuperaci\u00f3n de tierras malhabidas?> en <asuncion>", "object_id": "20", "change_message": "Changed value for answer value \"AnswerValue object\".", "user": 1, "content_type": 31}, "model": "admin.logentry", "pk": 99}, {"fields": {"action_flag": 2, "action_time": "2015-10-24T18:15:25.066Z", "object_repr": "<No> a <\u00bfQu\u00e9 postura asume con respecto al matrimonio entre personas del mismo sexo?> en <asuncion>", "object_id": "16", "change_message": "Changed value for answer value \"AnswerValue object\".", "user": 1, "content_type": 31}, "model": "admin.logentry", "pk": 100}, {"fields": {"action_flag": 2, "action_time": "2015-10-24T18:15:39.823Z", "object_repr": "<No> a <\u00bfEstar\u00eda de acuerdo con la recuperaci\u00f3n de tierras malhabidas?> en <asuncion>", "object_id": "14", "change_message": "Changed value for answer value \"AnswerValue object\".", "user": 1, "content_type": 31}, "model": "admin.logentry", "pk": 101}, {"fields": {"action_flag": 2, "action_time": "2015-10-24T18:16:27.989Z", "object_repr": "Ricardo Meyer", "object_id": "ricardo-meyer", "change_message": "Added taken position \"<Ricardo Meyer> dice <Si> a <\u00bfEstar\u00eda de acuerdo con la recuperaci\u00f3n de tierras malhabidas?> en <asuncion>\". Added taken position \"<Ricardo Meyer> dice <Si> a <\u00bfQu\u00e9 postura asume con respecto al matrimonio entre personas del mismo sexo?> en <asuncion>\".", "user": 1, "content_type": 22}, "model": "admin.logentry", "pk": 102}, {"fields": {"action_flag": 2, "action_time": "2015-10-24T18:16:53.292Z", "object_repr": "Mario  Ferreiro", "object_id": "mario-ferriro", "change_message": "Added taken position \"<Mario  Ferreiro> dice <No> a <\u00bfEstar\u00eda de acuerdo con la recuperaci\u00f3n de tierras malhabidas?> en <asuncion>\". Added taken position \"<Mario  Ferreiro> dice <No> a <\u00bfQu\u00e9 postura asume con respecto al matrimonio entre personas del mismo sexo?> en <asuncion>\".", "user": 1, "content_type": 22}, "model": "admin.logentry", "pk": 103}, {"fields": {"action_flag": 2, "action_time": "2015-10-24T18:17:11.825Z", "object_repr": "Arnaldo  Samaniego", "object_id": "arnaldo", "change_message": "Added taken position \"<Arnaldo  Samaniego> dice <Si> a <\u00bfEstar\u00eda de acuerdo con la recuperaci\u00f3n de tierras malhabidas?> en <asuncion>\". Added taken position \"<Arnaldo  Samaniego> dice <No, pero> a <\u00bfEstar\u00eda de acuerdo con la recuperaci\u00f3n de tierras malhabidas?> en <asuncion>\".", "user": 1, "content_type": 22}, "model": "admin.logentry", "pk": 104}, {"fields": {"action_flag": 1, "action_time": "2015-10-24T18:20:35.777Z", "object_repr": "<No, pero> a <\u00bfQu\u00e9 postura asume con respecto al matrimonio entre personas del mismo sexo?> en <asuncion>", "object_id": "21", "change_message": "", "user": 1, "content_type": 31}, "model": "admin.logentry", "pk": 105}, {"fields": {"action_flag": 1, "action_time": "2015-10-24T18:20:58.670Z", "object_repr": "<Si, pero> a <\u00bfQu\u00e9 postura asume con respecto al matrimonio entre personas del mismo sexo?> en <asuncion>", "object_id": "22", "change_message": "", "user": 1, "content_type": 31}, "model": "admin.logentry", "pk": 106}, {"fields": {"action_flag": 1, "action_time": "2015-10-24T18:27:30.120Z", "object_repr": "<\u00bfEst\u00e1 de acuerdo con una pol\u00edtica de concesi\u00f3n al sector privado de obras de infraestructura?> en <asuncion>", "object_id": "6", "change_message": "", "user": 1, "content_type": 29}, "model": "admin.logentry", "pk": 107}, {"fields": {"action_flag": 1, "action_time": "2015-10-24T18:27:56.732Z", "object_repr": "<Si> a <\u00bfEst\u00e1 de acuerdo con una pol\u00edtica de concesi\u00f3n al sector privado de obras de infraestructura?> en <asuncion>", "object_id": "23", "change_message": "", "user": 1, "content_type": 31}, "model": "admin.logentry", "pk": 108}, {"fields": {"action_flag": 1, "action_time": "2015-10-24T18:28:13.583Z", "object_repr": "<Si, pero> a <\u00bfEst\u00e1 de acuerdo con una pol\u00edtica de concesi\u00f3n al sector privado de obras de infraestructura?> en <asuncion>", "object_id": "24", "change_message": "", "user": 1, "content_type": 31}, "model": "admin.logentry", "pk": 109}, {"fields": {"action_flag": 1, "action_time": "2015-10-24T18:28:30.915Z", "object_repr": "<No, pero> a <\u00bfEst\u00e1 de acuerdo con una pol\u00edtica de concesi\u00f3n al sector privado de obras de infraestructura?> en <asuncion>", "object_id": "25", "change_message": "", "user": 1, "content_type": 31}, "model": "admin.logentry", "pk": 110}, {"fields": {"action_flag": 1, "action_time": "2015-10-24T18:28:45.640Z", "object_repr": "<No> a <\u00bfEst\u00e1 de acuerdo con una pol\u00edtica de concesi\u00f3n al sector privado de obras de infraestructura?> en <asuncion>", "object_id": "26", "change_message": "", "user": 1, "content_type": 31}, "model": "admin.logentry", "pk": 111}, {"fields": {"action_flag": 2, "action_time": "2015-10-24T18:29:08.622Z", "object_repr": "Arnaldo  Samaniego", "object_id": "arnaldo", "change_message": "Changed position for taken position \"<Arnaldo  Samaniego> dice <Si> a <\u00bfEst\u00e1 de acuerdo con una pol\u00edtica de concesi\u00f3n al sector privado de obras de infraestructura?> en <asuncion>\".", "user": 1, "content_type": 22}, "model": "admin.logentry", "pk": 112}, {"fields": {"action_flag": 2, "action_time": "2015-10-24T18:29:19.498Z", "object_repr": "Mario  Ferreiro", "object_id": "mario-ferriro", "change_message": "Changed position for taken position \"<Mario  Ferreiro> dice <No, pero> a <\u00bfEst\u00e1 de acuerdo con una pol\u00edtica de concesi\u00f3n al sector privado de obras de infraestructura?> en <asuncion>\".", "user": 1, "content_type": 22}, "model": "admin.logentry", "pk": 113}, {"fields": {"action_flag": 2, "action_time": "2015-10-24T18:29:57.707Z", "object_repr": "Ricardo Meyer", "object_id": "ricardo-meyer", "change_message": "Changed position for taken position \"<Ricardo Meyer> dice <No> a <\u00bfEst\u00e1 de acuerdo con una pol\u00edtica de concesi\u00f3n al sector privado de obras de infraestructura?> en <asuncion>\".", "user": 1, "content_type": 22}, "model": "admin.logentry", "pk": 114}, {"fields": {"action_flag": 3, "action_time": "2015-10-27T13:54:37.964Z", "object_repr": "<\u00bfEst\u00e1 de acuerdo con una pol\u00edtica de concesi\u00f3n al sector privado de obras de infraestructura?> en <asuncion>", "object_id": "6", "change_message": "", "user": 1, "content_type": 29}, "model": "admin.logentry", "pk": 115}, {"fields": {"action_flag": 3, "action_time": "2015-10-27T13:54:37.977Z", "object_repr": "<\u00bfQu\u00e9 postura asume con respecto al matrimonio entre personas del mismo sexo?> en <asuncion>", "object_id": "5", "change_message": "", "user": 1, "content_type": 29}, "model": "admin.logentry", "pk": 116}, {"fields": {"action_flag": 3, "action_time": "2015-10-27T13:54:37.986Z", "object_repr": "<\u00bfEstar\u00eda de acuerdo con la recuperaci\u00f3n de tierras malhabidas?> en <asuncion>", "object_id": "4", "change_message": "", "user": 1, "content_type": 29}, "model": "admin.logentry", "pk": 117}, {"fields": {"action_flag": 1, "action_time": "2015-10-27T14:00:44.568Z", "object_repr": "<\u00bfEstar\u00edas de acuerdo con la recuperaci\u00f3n de tierras malhabidas?> en <asuncion>", "object_id": "7", "change_message": "", "user": 1, "content_type": 29}, "model": "admin.logentry", "pk": 118}, {"fields": {"action_flag": 1, "action_time": "2015-10-27T14:02:03.436Z", "object_repr": "<Si> a <\u00bfEstar\u00edas de acuerdo con la recuperaci\u00f3n de tierras malhabidas?> en <asuncion>", "object_id": "27", "change_message": "", "user": 1, "content_type": 31}, "model": "admin.logentry", "pk": 119}, {"fields": {"action_flag": 1, "action_time": "2015-10-27T14:05:14.627Z", "object_repr": "<No> a <\u00bfEstar\u00edas de acuerdo con la recuperaci\u00f3n de tierras malhabidas?> en <asuncion>", "object_id": "28", "change_message": "", "user": 1, "content_type": 31}, "model": "admin.logentry", "pk": 120}, {"fields": {"action_flag": 2, "action_time": "2015-10-27T14:17:28.662Z", "object_repr": "Ricardo Meyer", "object_id": "ricardo-meyer", "change_message": "No fields changed.", "user": 1, "content_type": 22}, "model": "admin.logentry", "pk": 121}, {"fields": {"action_flag": 2, "action_time": "2015-10-27T14:17:51.062Z", "object_repr": "Arnaldo  Samaniego", "object_id": "arnaldo", "change_message": "Changed force_has_answer.", "user": 1, "content_type": 22}, "model": "admin.logentry", "pk": 122}, {"fields": {"action_flag": 2, "action_time": "2015-10-27T14:19:19.518Z", "object_repr": "<Opinion> in <asuncion>", "object_id": "2", "change_message": "No fields changed.", "user": 1, "content_type": 25}, "model": "admin.logentry", "pk": 123}, {"fields": {"action_flag": 1, "action_time": "2015-10-27T14:19:33.513Z", "object_repr": "<Opinion> in <cde>", "object_id": "3", "change_message": "", "user": 1, "content_type": 25}, "model": "admin.logentry", "pk": 124}, {"fields": {"action_flag": 1, "action_time": "2015-10-27T14:20:07.802Z", "object_repr": "<\u00bfEst\u00e1s de acuerdo con una pol\u00edtica de concesi\u00f3n al sector privado de obras de infraestructura?> en <asuncion>", "object_id": "8", "change_message": "", "user": 1, "content_type": 29}, "model": "admin.logentry", "pk": 125}, {"fields": {"action_flag": 2, "action_time": "2015-10-27T14:20:19.578Z", "object_repr": "<\u00bfEstar\u00edas de acuerdo con la recuperaci\u00f3n de tierras malhabidas?> en <asuncion>", "object_id": "7", "change_message": "No fields changed.", "user": 1, "content_type": 29}, "model": "admin.logentry", "pk": 126}, {"fields": {"action_flag": 2, "action_time": "2015-10-27T14:20:49.745Z", "object_repr": "<\u00bfEst\u00e1s de acuerdo con una pol\u00edtica de concesi\u00f3n al sector privado de obras de infraestructura?> en <asuncion>", "object_id": "8", "change_message": "Added Position \"<Si> a <\u00bfEst\u00e1s de acuerdo con una pol\u00edtica de concesi\u00f3n al sector privado de obras de infraestructura?> en <asuncion>\". Added Position \"<No> a <\u00bfEst\u00e1s de acuerdo con una pol\u00edtica de concesi\u00f3n al sector privado de obras de infraestructura?> en <asuncion>\".", "user": 1, "content_type": 29}, "model": "admin.logentry", "pk": 127}, {"fields": {"action_flag": 2, "action_time": "2015-10-27T14:20:58.892Z", "object_repr": "<\u00bfEst\u00e1s de acuerdo con una pol\u00edtica de concesi\u00f3n al sector privado de obras de infraestructura?> en <asuncion>", "object_id": "8", "change_message": "No fields changed.", "user": 1, "content_type": 29}, "model": "admin.logentry", "pk": 128}, {"fields": {"action_flag": 1, "action_time": "2015-10-27T14:21:38.404Z", "object_repr": "<\u00bfEst\u00e1s de acuerdo con la despenalizaci\u00f3n del aborto?> en <asuncion>", "object_id": "9", "change_message": "", "user": 1, "content_type": 29}, "model": "admin.logentry", "pk": 129}, {"fields": {"action_flag": 1, "action_time": "2015-10-27T14:22:21.312Z", "object_repr": "<\u00bfApoyar\u00edas el desbloqueo tota de listas s\u00e1bana?> en <asuncion>", "object_id": "10", "change_message": "", "user": 1, "content_type": 29}, "model": "admin.logentry", "pk": 130}, {"fields": {"action_flag": 1, "action_time": "2015-10-27T14:22:34.572Z", "object_repr": "<\u00bfEst\u00e1s de acuerdo con la figura de la Reelecci\u00f3n Presidencial?> en <asuncion>", "object_id": "11", "change_message": "", "user": 1, "content_type": 29}, "model": "admin.logentry", "pk": 131}, {"fields": {"action_flag": 2, "action_time": "2015-10-27T14:23:28.700Z", "object_repr": "<Si> a <\u00bfEstar\u00edas de acuerdo con la recuperaci\u00f3n de tierras malhabidas?> en <asuncion>", "object_id": "27", "change_message": "No fields changed.", "user": 1, "content_type": 31}, "model": "admin.logentry", "pk": 132}, {"fields": {"action_flag": 2, "action_time": "2015-10-27T14:24:14.735Z", "object_repr": "<Si> a <\u00bfEst\u00e1s de acuerdo con la despenalizaci\u00f3n del aborto?> en <asuncion>", "object_id": "31", "change_message": "Added taken position \"<Ricardo Meyer> dice <Si> a <\u00bfEst\u00e1s de acuerdo con la despenalizaci\u00f3n del aborto?> en <asuncion>\".", "user": 1, "content_type": 31}, "model": "admin.logentry", "pk": 133}, {"fields": {"action_flag": 2, "action_time": "2015-10-27T14:24:29.601Z", "object_repr": "<Si, pero s\u00f3lo en casos de riesgo de muerte de madre o hijo/a> a <\u00bfEst\u00e1s de acuerdo con la despenalizaci\u00f3n del aborto?> en <asuncion>", "object_id": "33", "change_message": "Added taken position \"<Mario  Ferreiro> dice <Si, pero s\u00f3lo en casos de riesgo de muerte de madre o hijo/a> a <\u00bfEst\u00e1s de acuerdo con la despenalizaci\u00f3n del aborto?> en <asuncion>\".", "user": 1, "content_type": 31}, "model": "admin.logentry", "pk": 134}, {"fields": {"action_flag": 2, "action_time": "2015-10-27T14:24:56.632Z", "object_repr": "<Si> a <\u00bfEst\u00e1s de acuerdo con una pol\u00edtica de concesi\u00f3n al sector privado de obras de infraestructura?> en <asuncion>", "object_id": "29", "change_message": "Added taken position \"<Ricardo Meyer> dice <Si> a <\u00bfEst\u00e1s de acuerdo con una pol\u00edtica de concesi\u00f3n al sector privado de obras de infraestructura?> en <asuncion>\".", "user": 1, "content_type": 31}, "model": "admin.logentry", "pk": 135}, {"fields": {"action_flag": 2, "action_time": "2015-10-27T14:25:28.591Z", "object_repr": "<Si> a <\u00bfApoyar\u00edas el desbloqueo tota de listas s\u00e1bana?> en <asuncion>", "object_id": "34", "change_message": "Added taken position \"<Mario  Ferreiro> dice <Si> a <\u00bfApoyar\u00edas el desbloqueo tota de listas s\u00e1bana?> en <asuncion>\". Added taken position \"<Ricardo Meyer> dice <Si> a <\u00bfApoyar\u00edas el desbloqueo tota de listas s\u00e1bana?> en <asuncion>\".", "user": 1, "content_type": 31}, "model": "admin.logentry", "pk": 136}, {"fields": {"action_flag": 2, "action_time": "2015-10-27T14:25:43.300Z", "object_repr": "<Si> a <\u00bfEst\u00e1s de acuerdo con la figura de la Reelecci\u00f3n Presidencial?> en <asuncion>", "object_id": "36", "change_message": "Added taken position \"<Ricardo Meyer> dice <Si> a <\u00bfEst\u00e1s de acuerdo con la figura de la Reelecci\u00f3n Presidencial?> en <asuncion>\".", "user": 1, "content_type": 31}, "model": "admin.logentry", "pk": 137}, {"fields": {"action_flag": 2, "action_time": "2015-10-27T14:25:56.464Z", "object_repr": "<No> a <\u00bfEst\u00e1s de acuerdo con la figura de la Reelecci\u00f3n Presidencial?> en <asuncion>", "object_id": "37", "change_message": "Added taken position \"<Mario  Ferreiro> dice <No> a <\u00bfEst\u00e1s de acuerdo con la figura de la Reelecci\u00f3n Presidencial?> en <asuncion>\".", "user": 1, "content_type": 31}, "model": "admin.logentry", "pk": 138}, {"fields": {"action_flag": 2, "action_time": "2015-10-27T14:26:22.844Z", "object_repr": "<\u00bfApoyar\u00edas el desbloqueo total de listas s\u00e1bana?> en <asuncion>", "object_id": "10", "change_message": "Changed label.", "user": 1, "content_type": 29}, "model": "admin.logentry", "pk": 139}, {"fields": {"action_flag": 2, "action_time": "2015-10-27T14:27:33.018Z", "object_repr": "<\u00bfEst\u00e1s de acuerdo con una pol\u00edtica de concesi\u00f3n al sector privado de obras de infraestructura?> en <asuncion>", "object_id": "8", "change_message": "No fields changed.", "user": 1, "content_type": 29}, "model": "admin.logentry", "pk": 140}, {"fields": {"action_flag": 2, "action_time": "2015-10-27T14:30:24.566Z", "object_repr": "<\u00bfEst\u00e1s de acuerdo con la figura de la Reelecci\u00f3n Presidencial?> en <asuncion>", "object_id": "11", "change_message": "No fields changed.", "user": 1, "content_type": 29}, "model": "admin.logentry", "pk": 141}, {"fields": {"action_flag": 2, "action_time": "2015-10-27T14:30:40.496Z", "object_repr": "<No> a <\u00bfEst\u00e1s de acuerdo con la figura de la Reelecci\u00f3n Presidencial?> en <asuncion>", "object_id": "37", "change_message": "No fields changed.", "user": 1, "content_type": 31}, "model": "admin.logentry", "pk": 142}, {"fields": {"action_flag": 2, "action_time": "2015-10-27T15:01:25.185Z", "object_repr": "<No> a <\u00bfEst\u00e1s de acuerdo con la figura de la Reelecci\u00f3n Presidencial?> en <asuncion>", "object_id": "37", "change_message": "Added answer value \"AnswerValue object\".", "user": 1, "content_type": 31}, "model": "admin.logentry", "pk": 143}, {"fields": {"action_flag": 2, "action_time": "2015-10-27T15:01:48.555Z", "object_repr": "<No> a <\u00bfApoyar\u00edas el desbloqueo total de listas s\u00e1bana?> en <asuncion>", "object_id": "35", "change_message": "Added answer value \"AnswerValue object\".", "user": 1, "content_type": 31}, "model": "admin.logentry", "pk": 144}, {"fields": {"action_flag": 2, "action_time": "2015-10-27T15:02:03.657Z", "object_repr": "<No> a <\u00bfEst\u00e1s de acuerdo con la despenalizaci\u00f3n del aborto?> en <asuncion>", "object_id": "32", "change_message": "Added answer value \"AnswerValue object\".", "user": 1, "content_type": 31}, "model": "admin.logentry", "pk": 145}, {"fields": {"action_flag": 2, "action_time": "2015-10-27T15:02:17.304Z", "object_repr": "<Si, pero s\u00f3lo en casos de riesgo de muerte de madre o hijo/a> a <\u00bfEst\u00e1s de acuerdo con la despenalizaci\u00f3n del aborto?> en <asuncion>", "object_id": "33", "change_message": "Added answer value \"AnswerValue object\".", "user": 1, "content_type": 31}, "model": "admin.logentry", "pk": 146}, {"fields": {"action_flag": 2, "action_time": "2015-10-27T15:02:36.920Z", "object_repr": "<No> a <\u00bfEst\u00e1s de acuerdo con una pol\u00edtica de concesi\u00f3n al sector privado de obras de infraestructura?> en <asuncion>", "object_id": "30", "change_message": "Added answer value \"AnswerValue object\".", "user": 1, "content_type": 31}, "model": "admin.logentry", "pk": 147}, {"fields": {"action_flag": 2, "action_time": "2015-10-27T15:17:57.490Z", "object_repr": "Arnaldo  Samaniego", "object_id": "arnaldo", "change_message": "Changed image.", "user": 1, "content_type": 22}, "model": "admin.logentry", "pk": 148}, {"fields": {"action_flag": 2, "action_time": "2015-10-27T15:18:28.414Z", "object_repr": "Mario  Ferreiro", "object_id": "mario-ferriro", "change_message": "Changed image.", "user": 1, "content_type": 22}, "model": "admin.logentry", "pk": 149}, {"fields": {"action_flag": 2, "action_time": "2015-10-27T15:19:02.094Z", "object_repr": "Ricardo Meyer", "object_id": "ricardo-meyer", "change_message": "Changed portrait_photo.", "user": 1, "content_type": 22}, "model": "admin.logentry", "pk": 150}, {"fields": {"action_flag": 2, "action_time": "2015-10-27T16:10:17.556Z", "object_repr": "Asuncion", "object_id": "1", "change_message": "Changed name and tags.", "user": 1, "content_type": 26}, "model": "admin.logentry", "pk": 151}, {"fields": {"action_flag": 2, "action_time": "2015-10-27T16:10:41.298Z", "object_repr": "CDE", "object_id": "2", "change_message": "Changed name and tags.", "user": 1, "content_type": 26}, "model": "admin.logentry", "pk": 152}, {"fields": {"action_flag": 2, "action_time": "2015-10-27T19:24:02.870Z", "object_repr": "Arnaldo  Samaniego", "object_id": "arnaldo", "change_message": "Changed candidate_partido.", "user": 1, "content_type": 22}, "model": "admin.logentry", "pk": 153}, {"fields": {"action_flag": 2, "action_time": "2015-10-27T19:24:29.199Z", "object_repr": "Mario  Ferreiro", "object_id": "mario-ferriro", "change_message": "Changed candidate_partido.", "user": 1, "content_type": 22}, "model": "admin.logentry", "pk": 154}, {"fields": {"action_flag": 2, "action_time": "2015-10-27T19:25:10.271Z", "object_repr": "Ricardo Meyer", "object_id": "ricardo-meyer", "change_message": "Changed candidate_partido.", "user": 1, "content_type": 22}, "model": "admin.logentry", "pk": 155}, {"fields": {"action_flag": 2, "action_time": "2015-10-27T19:28:20.156Z", "object_repr": "Arnaldo  Samaniego", "object_id": "arnaldo", "change_message": "Changed partido.", "user": 1, "content_type": 22}, "model": "admin.logentry", "pk": 156}, {"fields": {"action_flag": 2, "action_time": "2015-10-27T19:28:48.712Z", "object_repr": "Mario  Ferreiro", "object_id": "mario-ferriro", "change_message": "Changed partido.", "user": 1, "content_type": 22}, "model": "admin.logentry", "pk": 157}, {"fields": {"action_flag": 2, "action_time": "2015-10-27T19:29:08.881Z", "object_repr": "Ricardo Meyer", "object_id": "ricardo-meyer", "change_message": "Changed partido.", "user": 1, "content_type": 22}, "model": "admin.logentry", "pk": 158}, {"fields": {"action_flag": 1, "action_time": "2015-10-28T13:43:32.365Z", "object_repr": "<\u00bfCree que la tenencia de mascotas debe ser reglamentada?> en <Asuncion>", "object_id": "12", "change_message": "", "user": 1, "content_type": 29}, "model": "admin.logentry", "pk": 159}, {"fields": {"action_flag": 1, "action_time": "2015-10-28T13:43:57.931Z", "object_repr": "<\u00bfCree que los recursos del FONACIDE deben ser administrados por el Ministerio de Educaci\u00f3n y Cultura (MEC)?> en <Asuncion>", "object_id": "13", "change_message": "", "user": 1, "content_type": 29}, "model": "admin.logentry", "pk": 160}, {"fields": {"action_flag": 1, "action_time": "2015-10-28T13:45:08.315Z", "object_repr": "<\u00bfCree que una posible soluci\u00f3n a la inseguridad que se vive en la ciudad ser\u00eda enrejar los espacios verdes (plazas y parques)?> en <Asuncion>", "object_id": "14", "change_message": "", "user": 1, "content_type": 29}, "model": "admin.logentry", "pk": 161}, {"fields": {"action_flag": 1, "action_time": "2015-10-28T13:45:25.904Z", "object_repr": "<\u00bfCree que la Municipalidad deber\u00eda exigir a las empresas de transporte p\u00fablico la adecuaci\u00f3n de sus veh\u00edculos para que los usuarios con discapacidad puedan utilizarlo?> en <Asuncion>", "object_id": "15", "change_message": "", "user": 1, "content_type": 29}, "model": "admin.logentry", "pk": 162}, {"fields": {"action_flag": 1, "action_time": "2015-10-28T13:45:43.295Z", "object_repr": "<Una posible soluci\u00f3n al tr\u00e1fico de la ciudad \u00bfSer\u00eda la mejora de las calles?> en <Asuncion>", "object_id": "16", "change_message": "", "user": 1, "content_type": 29}, "model": "admin.logentry", "pk": 163}, {"fields": {"action_flag": 1, "action_time": "2015-10-28T13:45:57.839Z", "object_repr": "<\u00bfAumentar\u00eda la inversi\u00f3n Municipal para el sector de ni\u00f1ez y adolescencia?> en <Asuncion>", "object_id": "17", "change_message": "", "user": 1, "content_type": 29}, "model": "admin.logentry", "pk": 164}, {"fields": {"action_flag": 1, "action_time": "2015-10-28T13:46:19.367Z", "object_repr": "<\u00bfRealizar\u00eda una rendici\u00f3n de cuentas anual con participaci\u00f3n de la sociedad civil?> en <Asuncion>", "object_id": "18", "change_message": "", "user": 1, "content_type": 29}, "model": "admin.logentry", "pk": 165}, {"fields": {"action_flag": 1, "action_time": "2015-10-28T13:46:40.056Z", "object_repr": "<\u00bfPromover\u00edas la creaci\u00f3n de un portal de datos abiertos de la Municipalidad para promover la transparencia?> en <Asuncion>", "object_id": "19", "change_message": "", "user": 1, "content_type": 29}, "model": "admin.logentry", "pk": 166}, {"fields": {"action_flag": 1, "action_time": "2015-10-28T13:47:19.264Z", "object_repr": "<S\u00ed> a <\u00bfCree que la tenencia de mascotas debe ser reglamentada?> en <Asuncion>", "object_id": "38", "change_message": "", "user": 1, "content_type": 31}, "model": "admin.logentry", "pk": 167}, {"fields": {"action_flag": 1, "action_time": "2015-10-28T13:47:49.568Z", "object_repr": "<No> a <\u00bfCree que la tenencia de mascotas debe ser reglamentada?> en <Asuncion>", "object_id": "39", "change_message": "", "user": 1, "content_type": 31}, "model": "admin.logentry", "pk": 168}, {"fields": {"action_flag": 1, "action_time": "2015-10-28T13:48:08.975Z", "object_repr": "<Si> a <\u00bfCree que los recursos del FONACIDE deben ser administrados por el Ministerio de Educaci\u00f3n y Cultura (MEC)?> en <Asuncion>", "object_id": "40", "change_message": "", "user": 1, "content_type": 31}, "model": "admin.logentry", "pk": 169}, {"fields": {"action_flag": 1, "action_time": "2015-10-28T13:48:47.212Z", "object_repr": "<S\u00ed> a <\u00bfCree que una posible soluci\u00f3n a la inseguridad que se vive en la ciudad ser\u00eda enrejar los espacios verdes (plazas y parques)?> en <Asuncion>", "object_id": "41", "change_message": "", "user": 1, "content_type": 31}, "model": "admin.logentry", "pk": 170}, {"fields": {"action_flag": 1, "action_time": "2015-10-28T13:49:14.313Z", "object_repr": "<S\u00ed> a <\u00bfCree que la Municipalidad deber\u00eda exigir a las empresas de transporte p\u00fablico la adecuaci\u00f3n de sus veh\u00edculos para que los usuarios con discapacidad puedan utilizarlo?> en <Asuncion>", "object_id": "42", "change_message": "", "user": 1, "content_type": 31}, "model": "admin.logentry", "pk": 171}, {"fields": {"action_flag": 1, "action_time": "2015-10-28T13:49:48.684Z", "object_repr": "<S\u00ed> a <Una posible soluci\u00f3n al tr\u00e1fico de la ciudad \u00bfSer\u00eda la mejora de las calles?> en <Asuncion>", "object_id": "43", "change_message": "", "user": 1, "content_type": 31}, "model": "admin.logentry", "pk": 172}, {"fields": {"action_flag": 1, "action_time": "2015-10-28T13:50:57.434Z", "object_repr": "<S\u00ed> a <\u00bfAumentar\u00eda la inversi\u00f3n Municipal para el sector de ni\u00f1ez y adolescencia?> en <Asuncion>", "object_id": "44", "change_message": "", "user": 1, "content_type": 31}, "model": "admin.logentry", "pk": 173}, {"fields": {"action_flag": 1, "action_time": "2015-10-28T13:51:21.332Z", "object_repr": "<S\u00ed> a <\u00bfRealizar\u00eda una rendici\u00f3n de cuentas anual con participaci\u00f3n de la sociedad civil?> en <Asuncion>", "object_id": "45", "change_message": "", "user": 1, "content_type": 31}, "model": "admin.logentry", "pk": 174}, {"fields": {"action_flag": 1, "action_time": "2015-10-28T13:52:07.912Z", "object_repr": "<S\u00ed> a <\u00bfPromover\u00edas la creaci\u00f3n de un portal de datos abiertos de la Municipalidad para promover la transparencia?> en <Asuncion>", "object_id": "46", "change_message": "", "user": 1, "content_type": 31}, "model": "admin.logentry", "pk": 175}, {"fields": {"action_flag": 1, "action_time": "2015-10-28T13:52:53.741Z", "object_repr": "<No> a <\u00bfCree que la tenencia de mascotas debe ser reglamentada?> en <Asuncion>", "object_id": "47", "change_message": "", "user": 1, "content_type": 31}, "model": "admin.logentry", "pk": 176}, {"fields": {"action_flag": 1, "action_time": "2015-10-28T13:53:14.839Z", "object_repr": "<No> a <\u00bfCree que los recursos del FONACIDE deben ser administrados por el Ministerio de Educaci\u00f3n y Cultura (MEC)?> en <Asuncion>", "object_id": "48", "change_message": "", "user": 1, "content_type": 31}, "model": "admin.logentry", "pk": 177}, {"fields": {"action_flag": 1, "action_time": "2015-10-28T13:53:34.415Z", "object_repr": "<No> a <\u00bfCree que una posible soluci\u00f3n a la inseguridad que se vive en la ciudad ser\u00eda enrejar los espacios verdes (plazas y parques)?> en <Asuncion>", "object_id": "49", "change_message": "", "user": 1, "content_type": 31}, "model": "admin.logentry", "pk": 178}, {"fields": {"action_flag": 1, "action_time": "2015-10-28T13:54:00.318Z", "object_repr": "<No> a <\u00bfCree que la Municipalidad deber\u00eda exigir a las empresas de transporte p\u00fablico la adecuaci\u00f3n de sus veh\u00edculos para que los usuarios con discapacidad puedan utilizarlo?> en <Asuncion>", "object_id": "50", "change_message": "", "user": 1, "content_type": 31}, "model": "admin.logentry", "pk": 179}, {"fields": {"action_flag": 1, "action_time": "2015-10-28T13:54:34.690Z", "object_repr": "<No> a <Una posible soluci\u00f3n al tr\u00e1fico de la ciudad \u00bfSer\u00eda la mejora de las calles?> en <Asuncion>", "object_id": "51", "change_message": "", "user": 1, "content_type": 31}, "model": "admin.logentry", "pk": 180}, {"fields": {"action_flag": 1, "action_time": "2015-10-28T13:54:50.480Z", "object_repr": "<No> a <\u00bfAumentar\u00eda la inversi\u00f3n Municipal para el sector de ni\u00f1ez y adolescencia?> en <Asuncion>", "object_id": "52", "change_message": "", "user": 1, "content_type": 31}, "model": "admin.logentry", "pk": 181}, {"fields": {"action_flag": 1, "action_time": "2015-10-28T13:55:14.329Z", "object_repr": "<No> a <\u00bfRealizar\u00eda una rendici\u00f3n de cuentas anual con participaci\u00f3n de la sociedad civil?> en <Asuncion>", "object_id": "53", "change_message": "", "user": 1, "content_type": 31}, "model": "admin.logentry", "pk": 182}, {"fields": {"action_flag": 1, "action_time": "2015-10-28T13:55:30.258Z", "object_repr": "<No> a <\u00bfPromover\u00edas la creaci\u00f3n de un portal de datos abiertos de la Municipalidad para promover la transparencia?> en <Asuncion>", "object_id": "54", "change_message": "", "user": 1, "content_type": 31}, "model": "admin.logentry", "pk": 183}, {"fields": {"action_flag": 3, "action_time": "2015-10-28T13:56:28.865Z", "object_repr": "<No> a <\u00bfCree que la tenencia de mascotas debe ser reglamentada?> en <Asuncion>", "object_id": "39", "change_message": "", "user": 1, "content_type": 31}, "model": "admin.logentry", "pk": 184}, {"fields": {"action_flag": 2, "action_time": "2015-10-28T13:57:12.986Z", "object_repr": "CDE", "object_id": "2", "change_message": "Changed uses_preguntales and tags.", "user": 1, "content_type": 26}, "model": "admin.logentry", "pk": 185}, {"fields": {"action_flag": 2, "action_time": "2015-10-28T14:00:27.874Z", "object_repr": "Ricardo Meyer", "object_id": "ricardo-meyer", "change_message": "Added taken position \"<Ricardo Meyer> dice <S\u00ed> a <\u00bfCree que la tenencia de mascotas debe ser reglamentada?> en <Asuncion>\". Added taken position \"<Ricardo Meyer> dice <No> a <\u00bfCree que los recursos del FONACIDE deben ser administrados por el Ministerio de Educaci\u00f3n y Cultura (MEC)?> en <Asuncion>\". Added taken position \"<Ricardo Meyer> dice <No> a <\u00bfCree que una posible soluci\u00f3n a la inseguridad que se vive en la ciudad ser\u00eda enrejar los espacios verdes (plazas y parques)?> en <Asuncion>\". Added taken position \"<Ricardo Meyer> dice <S\u00ed> a <\u00bfCree que la Municipalidad deber\u00eda exigir a las empresas de transporte p\u00fablico la adecuaci\u00f3n de sus veh\u00edculos para que los usuarios con discapacidad puedan utilizarlo?> en <Asuncion>\". Added taken position \"<Ricardo Meyer> dice <S\u00ed> a <Una posible soluci\u00f3n al tr\u00e1fico de la ciudad \u00bfSer\u00eda la mejora de las calles?> en <Asuncion>\". Added taken position \"<Ricardo Meyer> dice <S\u00ed> a <\u00bfAumentar\u00eda la inversi\u00f3n Municipal para el sector de ni\u00f1ez y adolescencia?> en <Asuncion>\". Added taken position \"<Ricardo Meyer> dice <S\u00ed> a <\u00bfRealizar\u00eda una rendici\u00f3n de cuentas anual con participaci\u00f3n de la sociedad civil?> en <Asuncion>\". Added taken position \"<Ricardo Meyer> dice <S\u00ed> a <\u00bfPromover\u00edas la creaci\u00f3n de un portal de datos abiertos de la Municipalidad para promover la transparencia?> en <Asuncion>\".", "user": 1, "content_type": 22}, "model": "admin.logentry", "pk": 186}, {"fields": {"action_flag": 2, "action_time": "2015-10-28T14:02:19.623Z", "object_repr": "Mario  Ferreiro", "object_id": "mario-ferriro", "change_message": "Added taken position \"<Mario  Ferreiro> dice <S\u00ed> a <\u00bfCree que la tenencia de mascotas debe ser reglamentada?> en <Asuncion>\". Added taken position \"<Mario  Ferreiro> dice <No> a <\u00bfCree que los recursos del FONACIDE deben ser administrados por el Ministerio de Educaci\u00f3n y Cultura (MEC)?> en <Asuncion>\". Added taken position \"<Mario  Ferreiro> dice <S\u00ed> a <\u00bfCree que una posible soluci\u00f3n a la inseguridad que se vive en la ciudad ser\u00eda enrejar los espacios verdes (plazas y parques)?> en <Asuncion>\". Added taken position \"<Mario  Ferreiro> dice <S\u00ed> a <Una posible soluci\u00f3n al tr\u00e1fico de la ciudad \u00bfSer\u00eda la mejora de las calles?> en <Asuncion>\". Added taken position \"<Mario  Ferreiro> dice <S\u00ed> a <\u00bfAumentar\u00eda la inversi\u00f3n Municipal para el sector de ni\u00f1ez y adolescencia?> en <Asuncion>\". Added taken position \"<Mario  Ferreiro> dice <S\u00ed> a <\u00bfAumentar\u00eda la inversi\u00f3n Municipal para el sector de ni\u00f1ez y adolescencia?> en <Asuncion>\". Added taken position \"<Mario  Ferreiro> dice <S\u00ed> a <\u00bfRealizar\u00eda una rendici\u00f3n de cuentas anual con participaci\u00f3n de la sociedad civil?> en <Asuncion>\". Added taken position \"<Mario  Ferreiro> dice <S\u00ed> a <\u00bfPromover\u00edas la creaci\u00f3n de un portal de datos abiertos de la Municipalidad para promover la transparencia?> en <Asuncion>\".", "user": 1, "content_type": 22}, "model": "admin.logentry", "pk": 187}, {"fields": {"action_flag": 3, "action_time": "2015-10-28T16:21:17.244Z", "object_repr": "<Mario  Ferreiro> dice <S\u00ed> a <\u00bfAumentar\u00eda la inversi\u00f3n Municipal para el sector de ni\u00f1ez y adolescencia?> en <Asuncion>", "object_id": "48", "change_message": "", "user": 1, "content_type": 30}, "model": "admin.logentry", "pk": 188}, {"fields": {"action_flag": 1, "action_time": "2015-10-28T16:24:54.694Z", "object_repr": "<Mario  Ferreiro> dice <S\u00ed> a <\u00bfCree que la Municipalidad deber\u00eda exigir a las empresas de transporte p\u00fablico la adecuaci\u00f3n de sus veh\u00edculos para que los usuarios con discapacidad puedan utilizarlo?> ", "object_id": "51", "change_message": "", "user": 1, "content_type": 30}, "model": "admin.logentry", "pk": 189}, {"fields": {"action_flag": 2, "action_time": "2015-10-28T19:20:42.599Z", "object_repr": "Mario  Ferreiro", "object_id": "mario-ferriro", "change_message": "Changed image.", "user": 1, "content_type": 22}, "model": "admin.logentry", "pk": 190}, {"fields": {"action_flag": 2, "action_time": "2015-10-28T20:17:14.120Z", "object_repr": "Ricardo Meyer", "object_id": "ricardo-meyer", "change_message": "Changed portrait_photo.", "user": 1, "content_type": 22}, "model": "admin.logentry", "pk": 191}, {"fields": {"action_flag": 2, "action_time": "2015-10-28T20:26:57.584Z", "object_repr": "Ricardo Meyer", "object_id": "ricardo-meyer", "change_message": "Changed image and portrait_photo.", "user": 1, "content_type": 22}, "model": "admin.logentry", "pk": 192}, {"fields": {"action_flag": 1, "action_time": "2015-10-29T14:19:28.085Z", "object_repr": "Jotvino Urunaga Gonzalez", "object_id": "jotvino-urunaga-gonzalez", "change_message": "", "user": 1, "content_type": 22}, "model": "admin.logentry", "pk": 193}, {"fields": {"action_flag": 2, "action_time": "2015-10-29T14:20:24.096Z", "object_repr": "Asuncion", "object_id": "1", "change_message": "Changed tags. Deleted Categor\u00eda de pregunta \"<Fonacide> in <Asuncion>\".", "user": 1, "content_type": 26}, "model": "admin.logentry", "pk": 194}, {"fields": {"action_flag": 2, "action_time": "2015-10-29T14:25:10.436Z", "object_repr": "Jotvino Urunaga Gonzalez", "object_id": "jotvino-urunaga-gonzalez", "change_message": "Added taken position \"<Jotvino Urunaga Gonzalez> dice <Si> a <\u00bfEstar\u00edas de acuerdo con la recuperaci\u00f3n de tierras malhabidas?> en <Asuncion>\". Added taken position \"<Jotvino Urunaga Gonzalez> dice <Si> a <\u00bfEst\u00e1s de acuerdo con una pol\u00edtica de concesi\u00f3n al sector privado de obras de infraestructura?> en <Asuncion>\". Added taken position \"<Jotvino Urunaga Gonzalez> dice <No> a <\u00bfEst\u00e1s de acuerdo con la despenalizaci\u00f3n del aborto?> en <Asuncion>\". Added taken position \"<Jotvino Urunaga Gonzalez> dice <Si> a <\u00bfApoyar\u00edas el desbloqueo total de listas s\u00e1bana?> en <Asuncion>\". Added taken position \"<Jotvino Urunaga Gonzalez> dice <Si> a <\u00bfEst\u00e1s de acuerdo con la figura de la Reelecci\u00f3n Presidencial?> en <Asuncion>\".", "user": 1, "content_type": 22}, "model": "admin.logentry", "pk": 195}, {"fields": {"action_flag": 2, "action_time": "2015-10-29T14:26:29.897Z", "object_repr": "Jotvino Urunaga Gonzalez", "object_id": "jotvino-urunaga-gonzalez", "change_message": "Changed partido and custom_ribbon.", "user": 1, "content_type": 22}, "model": "admin.logentry", "pk": 196}, {"fields": {"action_flag": 2, "action_time": "2015-10-29T14:31:43.551Z", "object_repr": "<Opinion> in <CDE>", "object_id": "3", "change_message": "Added Pregunta \"<\u00bfEstar\u00edas de acuerdo con la recuperaci\u00f3n de tierras malhabidas?> en <CDE>\". Added Pregunta \"<\u00bfEst\u00e1s de acuerdo con una pol\u00edtica de concesi\u00f3n al sector privado de obras de infraestructura?> en <CDE>\". Added Pregunta \"<\u00bfEst\u00e1s de acuerdo con la despenalizaci\u00f3n del aborto?> en <CDE>\". Added Pregunta \"<\u00bfApoyar\u00edas el desbloqueo total de listas s\u00e1bana?> en <CDE>\". Added Pregunta \"<\u00bfEst\u00e1s de acuerdo con la figura de la Reelecci\u00f3n Presidencial?> en <CDE>\". Added Pregunta \"<\u00bfCree que la tenencia de mascotas debe ser reglamentada?> en <CDE>\". Added Pregunta \"<\u00bfCree que los recursos del FONACIDE deben ser administrados por el Ministerio de Educaci\u00f3n y Cultura (MEC)?> en <CDE>\". Added Pregunta \"<\u00bfCree que una posible soluci\u00f3n a la inseguridad que se vive en la ciudad ser\u00eda enrejar los espacios verdes (plazas y parques)?> en <CDE>\". Added Pregunta \"<\u00bfCree que la Municipalidad deber\u00eda exigir a las empresas de transporte p\u00fablico la adecuaci\u00f3n de sus veh\u00edculos para que los usuarios con discapacidad puedan utilizarlo?> en <CDE>\". Added Pregunta \"<Una posible soluci\u00f3n al tr\u00e1fico de la ciudad \u00bfSer\u00eda la mejora de las calles?> en <CDE>\". Added Pregunta \"<\u00bfAumentar\u00eda la inversi\u00f3n Municipal para el sector de ni\u00f1ez y adolescencia?> en <CDE>\". Added Pregunta \"<\u00bfPromover\u00edas la creaci\u00f3n de un portal de datos abiertos de la Municipalidad para promover la transparencia?> en <CDE>\".", "user": 1, "content_type": 25}, "model": "admin.logentry", "pk": 197}, {"fields": {"action_flag": 1, "action_time": "2015-10-29T14:37:48.346Z", "object_repr": "area2", "object_id": "area2", "change_message": "", "user": 1, "content_type": 42}, "model": "admin.logentry", "pk": 198}, {"fields": {"action_flag": 3, "action_time": "2015-10-29T14:39:24.144Z", "object_repr": "<Jotvino Urunaga Gonzalez> dice <Si> a <\u00bfEst\u00e1s de acuerdo con la figura de la Reelecci\u00f3n Presidencial?> en <Asuncion>", "object_id": "56", "change_message": "", "user": 1, "content_type": 30}, "model": "admin.logentry", "pk": 199}, {"fields": {"action_flag": 3, "action_time": "2015-10-29T14:39:24.182Z", "object_repr": "<Jotvino Urunaga Gonzalez> dice <Si> a <\u00bfApoyar\u00edas el desbloqueo total de listas s\u00e1bana?> en <Asuncion>", "object_id": "55", "change_message": "", "user": 1, "content_type": 30}, "model": "admin.logentry", "pk": 200}, {"fields": {"action_flag": 3, "action_time": "2015-10-29T14:39:24.200Z", "object_repr": "<Jotvino Urunaga Gonzalez> dice <No> a <\u00bfEst\u00e1s de acuerdo con la despenalizaci\u00f3n del aborto?> en <Asuncion>", "object_id": "54", "change_message": "", "user": 1, "content_type": 30}, "model": "admin.logentry", "pk": 201}, {"fields": {"action_flag": 3, "action_time": "2015-10-29T14:39:24.214Z", "object_repr": "<Jotvino Urunaga Gonzalez> dice <Si> a <\u00bfEst\u00e1s de acuerdo con una pol\u00edtica de concesi\u00f3n al sector privado de obras de infraestructura?> en <Asuncion>", "object_id": "53", "change_message": "", "user": 1, "content_type": 30}, "model": "admin.logentry", "pk": 202}, {"fields": {"action_flag": 3, "action_time": "2015-10-29T14:39:24.229Z", "object_repr": "<Jotvino Urunaga Gonzalez> dice <Si> a <\u00bfEstar\u00edas de acuerdo con la recuperaci\u00f3n de tierras malhabidas?> en <Asuncion>", "object_id": "52", "change_message": "", "user": 1, "content_type": 30}, "model": "admin.logentry", "pk": 203}, {"fields": {"action_flag": 1, "action_time": "2015-10-29T14:41:07.227Z", "object_repr": "<Si> a <\u00bfEstar\u00edas de acuerdo con la recuperaci\u00f3n de tierras malhabidas?> en <CDE>", "object_id": "55", "change_message": "", "user": 1, "content_type": 31}, "model": "admin.logentry", "pk": 204}, {"fields": {"action_flag": 1, "action_time": "2015-10-29T14:41:35.108Z", "object_repr": "<S\u00ed> a <\u00bfEst\u00e1s de acuerdo con una pol\u00edtica de concesi\u00f3n al sector privado de obras de infraestructura?> en <CDE>", "object_id": "56", "change_message": "", "user": 1, "content_type": 31}, "model": "admin.logentry", "pk": 205}, {"fields": {"action_flag": 1, "action_time": "2015-10-29T14:42:13.046Z", "object_repr": "<S\u00ed> a <\u00bfEst\u00e1s de acuerdo con la despenalizaci\u00f3n del aborto?> en <CDE>", "object_id": "57", "change_message": "", "user": 1, "content_type": 31}, "model": "admin.logentry", "pk": 206}, {"fields": {"action_flag": 1, "action_time": "2015-10-29T14:42:28.625Z", "object_repr": "<S\u00ed> a <\u00bfApoyar\u00edas el desbloqueo total de listas s\u00e1bana?> en <CDE>", "object_id": "58", "change_message": "", "user": 1, "content_type": 31}, "model": "admin.logentry", "pk": 207}, {"fields": {"action_flag": 1, "action_time": "2015-10-29T14:42:53.296Z", "object_repr": "<S\u00ed> a <\u00bfEst\u00e1s de acuerdo con la figura de la Reelecci\u00f3n Presidencial?> en <CDE>", "object_id": "59", "change_message": "", "user": 1, "content_type": 31}, "model": "admin.logentry", "pk": 208}, {"fields": {"action_flag": 1, "action_time": "2015-10-29T14:43:07.280Z", "object_repr": "<S\u00ed> a <\u00bfCree que la tenencia de mascotas debe ser reglamentada?> en <CDE>", "object_id": "60", "change_message": "", "user": 1, "content_type": 31}, "model": "admin.logentry", "pk": 209}, {"fields": {"action_flag": 1, "action_time": "2015-10-29T14:43:34.738Z", "object_repr": "<S\u00ed> a <\u00bfCree que los recursos del FONACIDE deben ser administrados por el Ministerio de Educaci\u00f3n y Cultura (MEC)?> en <CDE>", "object_id": "61", "change_message": "", "user": 1, "content_type": 31}, "model": "admin.logentry", "pk": 210}, {"fields": {"action_flag": 1, "action_time": "2015-10-29T14:44:09.484Z", "object_repr": "<S\u00ed> a <\u00bfCree que una posible soluci\u00f3n a la inseguridad que se vive en la ciudad ser\u00eda enrejar los espacios verdes (plazas y parques)?> en <CDE>", "object_id": "62", "change_message": "", "user": 1, "content_type": 31}, "model": "admin.logentry", "pk": 211}, {"fields": {"action_flag": 1, "action_time": "2015-10-29T14:44:30.909Z", "object_repr": "<S\u00ed> a <\u00bfCree que la Municipalidad deber\u00eda exigir a las empresas de transporte p\u00fablico la adecuaci\u00f3n de sus veh\u00edculos para que los usuarios con discapacidad puedan utilizarlo?> en <CDE>", "object_id": "63", "change_message": "", "user": 1, "content_type": 31}, "model": "admin.logentry", "pk": 212}, {"fields": {"action_flag": 1, "action_time": "2015-10-29T14:45:00.352Z", "object_repr": "<S\u00ed> a <Una posible soluci\u00f3n al tr\u00e1fico de la ciudad \u00bfSer\u00eda la mejora de las calles?> en <CDE>", "object_id": "64", "change_message": "", "user": 1, "content_type": 31}, "model": "admin.logentry", "pk": 213}, {"fields": {"action_flag": 1, "action_time": "2015-10-29T14:45:15.015Z", "object_repr": "<S\u00ed> a <\u00bfAumentar\u00eda la inversi\u00f3n Municipal para el sector de ni\u00f1ez y adolescencia?> en <CDE>", "object_id": "65", "change_message": "", "user": 1, "content_type": 31}, "model": "admin.logentry", "pk": 214}, {"fields": {"action_flag": 1, "action_time": "2015-10-29T14:45:38.164Z", "object_repr": "<S\u00ed> a <\u00bfPromover\u00edas la creaci\u00f3n de un portal de datos abiertos de la Municipalidad para promover la transparencia?> en <CDE>", "object_id": "66", "change_message": "", "user": 1, "content_type": 31}, "model": "admin.logentry", "pk": 215}, {"fields": {"action_flag": 1, "action_time": "2015-10-29T14:47:03.639Z", "object_repr": "<No> a <\u00bfEstar\u00edas de acuerdo con la recuperaci\u00f3n de tierras malhabidas?> en <CDE>", "object_id": "67", "change_message": "", "user": 1, "content_type": 31}, "model": "admin.logentry", "pk": 216}, {"fields": {"action_flag": 1, "action_time": "2015-10-29T14:47:36.598Z", "object_repr": "<No> a <\u00bfEst\u00e1s de acuerdo con una pol\u00edtica de concesi\u00f3n al sector privado de obras de infraestructura?> en <CDE>", "object_id": "68", "change_message": "", "user": 1, "content_type": 31}, "model": "admin.logentry", "pk": 217}, {"fields": {"action_flag": 1, "action_time": "2015-10-29T14:48:06.376Z", "object_repr": "<No> a <\u00bfEst\u00e1s de acuerdo con la despenalizaci\u00f3n del aborto?> en <CDE>", "object_id": "69", "change_message": "", "user": 1, "content_type": 31}, "model": "admin.logentry", "pk": 218}, {"fields": {"action_flag": 1, "action_time": "2015-10-29T14:48:55.350Z", "object_repr": "<No> a <\u00bfApoyar\u00edas el desbloqueo total de listas s\u00e1bana?> en <CDE>", "object_id": "70", "change_message": "", "user": 1, "content_type": 31}, "model": "admin.logentry", "pk": 219}, {"fields": {"action_flag": 1, "action_time": "2015-10-29T14:49:17.884Z", "object_repr": "<No> a <\u00bfEst\u00e1s de acuerdo con la figura de la Reelecci\u00f3n Presidencial?> en <CDE>", "object_id": "71", "change_message": "", "user": 1, "content_type": 31}, "model": "admin.logentry", "pk": 220}, {"fields": {"action_flag": 1, "action_time": "2015-10-29T14:49:32.148Z", "object_repr": "<No> a <\u00bfCree que la tenencia de mascotas debe ser reglamentada?> en <CDE>", "object_id": "72", "change_message": "", "user": 1, "content_type": 31}, "model": "admin.logentry", "pk": 221}, {"fields": {"action_flag": 1, "action_time": "2015-10-29T14:49:54.338Z", "object_repr": "<No> a <\u00bfCree que los recursos del FONACIDE deben ser administrados por el Ministerio de Educaci\u00f3n y Cultura (MEC)?> en <CDE>", "object_id": "73", "change_message": "", "user": 1, "content_type": 31}, "model": "admin.logentry", "pk": 222}, {"fields": {"action_flag": 1, "action_time": "2015-10-29T14:50:16.056Z", "object_repr": "<No> a <\u00bfCree que una posible soluci\u00f3n a la inseguridad que se vive en la ciudad ser\u00eda enrejar los espacios verdes (plazas y parques)?> en <CDE>", "object_id": "74", "change_message": "", "user": 1, "content_type": 31}, "model": "admin.logentry", "pk": 223}, {"fields": {"action_flag": 1, "action_time": "2015-10-29T14:50:51.909Z", "object_repr": "<No> a <\u00bfCree que la Municipalidad deber\u00eda exigir a las empresas de transporte p\u00fablico la adecuaci\u00f3n de sus veh\u00edculos para que los usuarios con discapacidad puedan utilizarlo?> en <CDE>", "object_id": "75", "change_message": "", "user": 1, "content_type": 31}, "model": "admin.logentry", "pk": 224}, {"fields": {"action_flag": 1, "action_time": "2015-10-29T14:51:19.297Z", "object_repr": "<No> a <Una posible soluci\u00f3n al tr\u00e1fico de la ciudad \u00bfSer\u00eda la mejora de las calles?> en <CDE>", "object_id": "76", "change_message": "", "user": 1, "content_type": 31}, "model": "admin.logentry", "pk": 225}, {"fields": {"action_flag": 1, "action_time": "2015-10-29T14:51:51.467Z", "object_repr": "<No> a <\u00bfAumentar\u00eda la inversi\u00f3n Municipal para el sector de ni\u00f1ez y adolescencia?> en <CDE>", "object_id": "77", "change_message": "", "user": 1, "content_type": 31}, "model": "admin.logentry", "pk": 226}, {"fields": {"action_flag": 1, "action_time": "2015-10-29T14:52:18.359Z", "object_repr": "<No> a <\u00bfPromover\u00edas la creaci\u00f3n de un portal de datos abiertos de la Municipalidad para promover la transparencia?> en <CDE>", "object_id": "78", "change_message": "", "user": 1, "content_type": 31}, "model": "admin.logentry", "pk": 227}, {"fields": {"action_flag": 1, "action_time": "2015-10-29T15:02:02.324Z", "object_repr": "<Jotvino Urunaga Gonzalez> dice <Si> a <\u00bfEstar\u00edas de acuerdo con la recuperaci\u00f3n de tierras malhabidas?> en <CDE>", "object_id": "57", "change_message": "", "user": 1, "content_type": 30}, "model": "admin.logentry", "pk": 228}, {"fields": {"action_flag": 1, "action_time": "2015-10-29T15:02:55.461Z", "object_repr": "<Jotvino Urunaga Gonzalez> dice <S\u00ed> a <\u00bfEst\u00e1s de acuerdo con una pol\u00edtica de concesi\u00f3n al sector privado de obras de infraestructura?> en <CDE>", "object_id": "58", "change_message": "", "user": 1, "content_type": 30}, "model": "admin.logentry", "pk": 229}, {"fields": {"action_flag": 1, "action_time": "2015-10-29T15:03:30.419Z", "object_repr": "<Jotvino Urunaga Gonzalez> dice <No> a <\u00bfEst\u00e1s de acuerdo con la despenalizaci\u00f3n del aborto?> en <CDE>", "object_id": "59", "change_message": "", "user": 1, "content_type": 30}, "model": "admin.logentry", "pk": 230}, {"fields": {"action_flag": 1, "action_time": "2015-10-29T15:05:11.424Z", "object_repr": "<Jotvino Urunaga Gonzalez> dice <S\u00ed> a <\u00bfApoyar\u00edas el desbloqueo total de listas s\u00e1bana?> en <CDE>", "object_id": "60", "change_message": "", "user": 1, "content_type": 30}, "model": "admin.logentry", "pk": 231}, {"fields": {"action_flag": 1, "action_time": "2015-10-29T15:05:55.879Z", "object_repr": "<Jotvino Urunaga Gonzalez> dice <S\u00ed> a <\u00bfEst\u00e1s de acuerdo con la figura de la Reelecci\u00f3n Presidencial?> en <CDE>", "object_id": "61", "change_message": "", "user": 1, "content_type": 30}, "model": "admin.logentry", "pk": 232}, {"fields": {"action_flag": 1, "action_time": "2015-10-29T15:07:08.817Z", "object_repr": "<Jotvino Urunaga Gonzalez> dice <S\u00ed> a <\u00bfCree que la tenencia de mascotas debe ser reglamentada?> en <CDE>", "object_id": "62", "change_message": "", "user": 1, "content_type": 30}, "model": "admin.logentry", "pk": 233}, {"fields": {"action_flag": 1, "action_time": "2015-10-29T15:07:45.175Z", "object_repr": "<Jotvino Urunaga Gonzalez> dice <No> a <\u00bfCree que los recursos del FONACIDE deben ser administrados por el Ministerio de Educaci\u00f3n y Cultura (MEC)?> en <CDE>", "object_id": "63", "change_message": "", "user": 1, "content_type": 30}, "model": "admin.logentry", "pk": 234}, {"fields": {"action_flag": 1, "action_time": "2015-10-29T15:08:29.566Z", "object_repr": "<Jotvino Urunaga Gonzalez> dice <No> a <\u00bfCree que una posible soluci\u00f3n a la inseguridad que se vive en la ciudad ser\u00eda enrejar los espacios verdes (plazas y parques)?> en <CDE>", "object_id": "64", "change_message": "", "user": 1, "content_type": 30}, "model": "admin.logentry", "pk": 235}, {"fields": {"action_flag": 1, "action_time": "2015-10-29T15:09:01.583Z", "object_repr": "<Jotvino Urunaga Gonzalez> dice <S\u00ed> a <\u00bfCree que la Municipalidad deber\u00eda exigir a las empresas de transporte p\u00fablico la adecuaci\u00f3n de sus veh\u00edculos para que los usuarios con discapacidad puedan util", "object_id": "65", "change_message": "", "user": 1, "content_type": 30}, "model": "admin.logentry", "pk": 236}, {"fields": {"action_flag": 1, "action_time": "2015-10-29T15:09:53.511Z", "object_repr": "<Jotvino Urunaga Gonzalez> dice <S\u00ed> a <Una posible soluci\u00f3n al tr\u00e1fico de la ciudad \u00bfSer\u00eda la mejora de las calles?> en <CDE>", "object_id": "66", "change_message": "", "user": 1, "content_type": 30}, "model": "admin.logentry", "pk": 237}, {"fields": {"action_flag": 1, "action_time": "2015-10-29T15:10:23.907Z", "object_repr": "<Jotvino Urunaga Gonzalez> dice <S\u00ed> a <\u00bfAumentar\u00eda la inversi\u00f3n Municipal para el sector de ni\u00f1ez y adolescencia?> en <CDE>", "object_id": "67", "change_message": "", "user": 1, "content_type": 30}, "model": "admin.logentry", "pk": 238}, {"fields": {"action_flag": 1, "action_time": "2015-10-29T15:10:49.326Z", "object_repr": "<Jotvino Urunaga Gonzalez> dice <S\u00ed> a <\u00bfPromover\u00edas la creaci\u00f3n de un portal de datos abiertos de la Municipalidad para promover la transparencia?> en <CDE>", "object_id": "68", "change_message": "", "user": 1, "content_type": 30}, "model": "admin.logentry", "pk": 239}, {"fields": {"action_flag": 2, "action_time": "2015-10-29T15:16:04.667Z", "object_repr": "Jotvino Urunaga Gonzalez", "object_id": "jotvino-urunaga-gonzalez", "change_message": "Changed image and portrait_photo. Changed position for taken position \"<Jotvino Urunaga Gonzalez> doesn't have an opinion in <\u00bfAumentar\u00eda la inversi\u00f3n Municipal para el sector de ni\u00f1ez y adolescencia?> en <CDE>\".", "user": 1, "content_type": 22}, "model": "admin.logentry", "pk": 240}, {"fields": {"action_flag": 2, "action_time": "2015-10-29T16:13:18.625Z", "object_repr": "<Jotvino Urunaga Gonzalez> dice <S\u00ed> a <\u00bfAumentar\u00eda la inversi\u00f3n Municipal para el sector de ni\u00f1ez y adolescencia?> en <CDE>", "object_id": "67", "change_message": "Changed position.", "user": 1, "content_type": 30}, "model": "admin.logentry", "pk": 241}]